Experiment_ID,Name,Script_Path,Dataset_Used,Model_Architecture,Hyperparameters,Metrics_Reported,Actual_Result,Reproducible,Artifact_Location
EXP-01,Paper Reproduction Baseline,experiments/reproduce_paper.py,backend/ml/datasets/labeled_events_v2_enhanced.csv,RandomForestClassifier,"n_estimators=100, max_depth=None, random_state=42","Accuracy: 1.0, Precision: 1.0, Recall: 1.0, F1: 1.0",100% metrics across all folds due to trivial feature separation,REPRODUCIBLE,experiments/results/paper_metrics.json
EXP-02,Publication Validation Suite,experiments/run_publication_validation.py,backend/ml/datasets/labeled_events_v2_enhanced.csv,"RF, IF, Ensemble","Standard hyperparameters, 5-fold Stratified CV","Accuracy: 1.0, Precision: 1.0, Recall: 1.0, F1: 1.0, ROC-AUC: 1.0",Exposes critical trivial separability and semantic feature mismatch,REPRODUCIBLE,experiments/results/publication_validation/
EXP-03,Standalone Random Forest,experiments/run_publication_validation.py,labeled_events_v2_enhanced.csv (80/20 train/test),RandomForestClassifier,"n_estimators=100, max_depth=15, random_state=42","Accuracy: 1.0, Precision: 1.0, Recall: 1.0, F1: 1.0, MCC: 1.0",Achieves perfect classification on synthetic data,REPRODUCIBLE,experiments/results/publication_validation/training_results.csv
EXP-04,Standalone Isolation Forest,experiments/run_publication_validation.py,labeled_events_v2_enhanced.csv (80/20 train/test),IsolationForest,"n_estimators=100, contamination=0.1, random_state=42","Accuracy: 0.877, Precision: 0.0, Recall: 0.0, F1: 0.0, ROC-AUC: 0.976",Standard unsupervised baseline; labels anomalies with zero positive precision on binary labels,REPRODUCIBLE,experiments/results/publication_validation/training_results.csv
EXP-05,Hybrid RF+IF Ensemble (0.7/0.3),experiments/run_publication_validation.py,labeled_events_v2_enhanced.csv (80/20 train/test),Weighted Ensemble (0.7 RF + 0.3 IF),"RF n_est=100; IF n_est=100, contamination=0.1","Accuracy: 1.0, Precision: 1.0, Recall: 1.0, F1: 1.0, ROC-AUC: 1.0",Ensemble matches RF exactly; IF contribution is masked by perfect RF separation,REPRODUCIBLE,experiments/results/publication_validation/training_results.csv
EXP-06,5-Fold Stratified Cross-Validation,experiments/run_publication_validation.py,labeled_events_v2_enhanced.csv (5 folds),RandomForestClassifier,"StratifiedKFold(n_splits=5, shuffle=True, random_state=42)","Fold 1-5: Accuracy=1.0, Precision=1.0, Recall=1.0, F1=1.0, ROC-AUC=1.0",Zero variance across all 5 folds (std=0.0),REPRODUCIBLE,experiments/results/publication_validation/cross_validation_results.csv
EXP-07,Seed Sensitivity Evaluation,experiments/run_publication_validation.py,"labeled_events_v2_enhanced.csv (seeds: 42, 123, 2024, 2025, 2026)",RandomForestClassifier,"n_estimators=100, seeds: [42, 123, 2024, 2025, 2026]","All seeds: Accuracy=1.0, Precision=1.0, Recall=1.0, F1=1.0",Zero metric variation across all 5 tested random seeds,REPRODUCIBLE,experiments/results/publication_validation/seed_variation_results.csv
EXP-08,Original Checkpoint Evaluation,experiments/run_publication_validation.py,"labeled_events_v2_enhanced.csv (full 5,000 samples)",AttackClassifier_Enhanced_v1.0.0.pkl,"n_estimators=500, max_depth=20, n_features=12","Accuracy: 0.6976, Precision: 0.0, Recall: 0.0, F1: 0.0",Saved pickle was trained with inverted labels or on different distribution,REPRODUCIBLE,experiments/results/publication_validation/model_inventory.json
EXP-09,DBSCAN Baseline (Unscaled),experiments/results/dbscan_normalization/,1000-sample synthetic multi-campaign dataset,DBSCAN,"eps=0.5, min_samples=3, metric=euclidean (raw features)","Clusters: 0, Noise: 100.0%, ARI: 0.0, NMI: 0.0, Silhouette: N/A",Complete clustering failure due to unscaled feature magnitudes,REPRODUCIBLE,experiments/results/dbscan_normalization/publication_table.md
EXP-10,DBSCAN Standardized (Normalized),experiments/results/dbscan_normalization/,1000-sample synthetic multi-campaign dataset,StandardScaler + DBSCAN,"eps=0.5, min_samples=3, metric=euclidean (standardized)","Clusters: 2, Noise: 71.0%, ARI: 0.2116, NMI: 0.4680, Silhouette: 0.9895",Successfully isolates dense attack clusters from unclustered background noise,REPRODUCIBLE,experiments/results/dbscan_normalization/publication_table.md
EXP-11,E2E Autonomous Pipeline Test,experiments/run_publication_validation.py,Simulated SSH Brute Force (10 packets),Full PhantomNet Stack,Autonomous event logging -> ML scoring -> DBSCAN -> Playbook,"Campaigns: 0, Playbook Generated: False, Verdict: FAIL",Pipeline halts because unscaled DBSCAN finds 0 campaigns,REPRODUCIBLE,experiments/results/publication_validation/e2e_results.csv
EXP-12,SOAR Micro-benchmark Latency,experiments/run_publication_validation.py,Simulated threat indicators (100 iterations),"Rule, STIX, Jinja Engines",100 iterations per component,"Snort: 0.488ms, STIX: 1.022ms, Jinja: 1.098ms",All three SOAR generation components execute in ~1ms each,REPRODUCIBLE,experiments/results/publication_validation/latency_results.csv
