packet_length,protocol_encoding,dst_port_class,src_port_ephemeral,event_rate_1m,burst_rate_10s,inter_arrival_mean,inter_arrival_std,packet_size_variance,payload_entropy,unique_dst_ips,unique_dst_ports,label
543.806396121861,2,1,1,7.0,3,12.4,10.23968862424959,36365.49552577136,2.9634919927536236,1.0,1,0
49.11051683583173,1,2,0,11.0,3,1.7,0.2613009759615684,4701.973525871263,5.621519075550286,2.0,1,1
119.69397805346739,1,1,1,4.0,2,1.0,1.051728642760178,29261.289974717438,2.9911017071476045,1.0,1,0
141.35055149890258,1,2,1,7.0,3,26.2,26.381417961274476,11951.687760126193,3.666881667714168,1.0,2,0
36.74157556376618,1,1,1,24.0,3,0.3,0.13532683465285483,1358.3132121617673,4.037584008427185,5.0,2,1
66.30338993086379,2,1,1,19.0,5,3.3,2.160735780454853,5246.2449857738875,5.8540295003257805,1.0,2,1
74.3541149650541,1,1,1,9.0,1,8.8,9.54849729050511,14865.67642096705,3.7691621458280653,1.0,1,0
638.824113749201,1,1,1,11.0,5,3.1,3.8199377102286807,11016.376013236906,4.0084318063170805,1.0,1,0
1673.6589834018043,1,1,0,4.0,4,4.4,5.687277307598371,9171.374896740848,4.00519201422313,1.0,1,0
45.56074034653815,1,3,1,26.0,4,0.1,0.04154372907507137,7966.43449736,5.869777069306789,2.0,8,1
81.93871918586457,2,2,1,40.0,9,1.7,1.019088194669787,1376.2711026176953,5.757779279123975,1.0,2,1
1378.8380305026872,1,1,0,10.0,4,5.0,0.8914891705152808,10665.20451476546,4.569509017231113,1.0,8,1
93.1727881518785,1,2,1,26.0,3,0.2,0.09451627225891268,11201.218655526414,6.053482377032328,2.0,4,1
1607.3155538983085,1,1,1,2.0,1,2.3,2.815581938524153,23026.542301269623,4.0509184178794655,1.0,1,0
102.8874035843791,1,3,1,17.0,6,6.8,4.751544875405837,21009.84234628259,5.2553587037241,1.0,4,1
462.1622843294603,1,2,1,6.0,3,1.3,1.5018724150969653,25232.182724352122,3.268059803927338,1.0,1,0
66.90426789642422,1,2,1,16.0,3,3.5,1.178372979598409,2545.6117242710275,5.717613110802174,1.0,8,1
55.09243430133079,2,1,1,4.0,1,1.4,1.1672919622772435,27765.121637017724,3.794886939642515,1.0,1,0
491.48114080241066,1,1,1,1.0,5,0.3,0.428660848115431,39081.253626445476,3.4336076045658976,1.0,1,0
133.30048367115032,1,1,1,9.0,2,7.1,4.420410838514505,13007.90712167732,3.7134822504532354,1.0,1,0
137.11574643781287,1,1,1,6.0,4,0.5,0.5137902963393748,9723.96008833644,3.7895608766244706,1.0,1,0
1362.384381852267,1,1,1,7.0,7,1.3,0.6552804045429964,9477.613021551997,3.829033354797305,1.0,1,0
139.16769285947112,2,1,0,11.0,3,4.6,2.7063526579299575,36178.712482244875,3.9536308796998134,1.0,1,0
1450.133086535254,2,1,1,2.0,2,13.3,7.761070000552174,27427.97322853212,3.6791742391757514,1.0,1,0
45.66958581312816,2,1,1,3.0,2,13.5,11.319952634318863,14600.157067930484,3.198149526585008,1.0,1,0
54.98314276037018,1,3,1,4.0,3,0.7,0.9315375423710603,19974.118043130606,4.134402120926442,1.0,1,0
1016.5783815877672,2,1,1,11.0,1,0.8,0.6081773499604918,22128.876548639855,3.657725356449572,1.0,1,0
59.141837434625586,1,1,1,4.0,1,8.6,11.246528558137403,14374.695010120176,4.355105356739434,1.0,1,0
46.85444221171351,1,1,1,2.0,2,4.5,4.711723929620009,14027.143641847573,3.4724895345906397,1.0,1,0
83.27894990139173,2,1,1,17.0,7,1.4,0.377036107302065,1555.4662562602493,4.791283152032973,3.0,1,1
48.62468650576178,1,2,1,7.0,4,1.4,1.23948219113946,13058.34886163809,4.081136008652107,1.0,1,0
69.31445749886686,2,2,1,21.0,6,2.2,1.289297548240639,1520.2584995027419,6.074645286329401,1.0,1,1
399.4467360616573,1,2,1,4.0,1,1.1,0.9585331890716814,6745.716007017575,3.083138626851266,1.0,1,0
83.17393091835802,1,3,0,4.0,2,0.8,0.6432532325220375,35922.49410219823,4.128280229108195,1.0,1,0
113.66961470078178,1,2,1,5.0,4,3.2,2.606552486702089,6512.60831005597,4.150890508278366,1.0,1,0
161.87757301107942,1,1,1,4.0,3,6.0,3.654373880023847,36561.088437951556,4.257999198597854,1.0,1,0
67.86551616908305,2,1,1,15.0,5,0.3,0.030876632360646434,19880.243179659203,5.5326052356912045,1.0,8,1
75.3049101985117,1,1,1,9.0,2,1.0,1.5492389478050976,4821.878236481235,3.8069989798886383,1.0,1,0
84.36883908531637,1,2,1,6.0,3,1.0,0.5522517991385771,20382.155543971177,3.7928629353472276,1.0,1,0
79.19563672040083,1,1,1,5.0,4,11.6,8.264348090422937,9657.345607379257,3.2870122191188003,1.0,2,0
167.30523249925605,1,1,1,3.0,3,4.6,4.009794027315963,28355.590527720342,4.01107480687361,1.0,1,0
62.61879277792381,1,1,1,3.0,3,9.7,6.529171064443092,8776.42780871282,3.9027618393652683,1.0,1,0
128.3199463485344,1,2,1,8.0,3,8.6,15.85980722685061,17522.74125232572,4.4803236346446855,1.0,1,0
51.0044750451555,1,1,1,9.0,2,9.0,6.559087158180708,7884.4741584925505,3.6178396311018663,1.0,1,0
132.9421352037091,1,3,1,5.0,2,2.0,2.303115693792499,14769.168996382286,4.274135492964992,1.0,1,0
47.547725904641354,1,1,1,5.0,1,1.8,1.305810658359042,9090.8431209965,3.961388672742845,1.0,1,0
141.4770068475511,2,1,1,13.0,1,6.8,7.019216953288166,11258.885466891215,3.42480773349342,1.0,1,0
1535.3213636953171,1,1,1,4.0,4,0.5,0.4216169535927164,17346.269465372505,4.0128507225666805,1.0,1,0
66.84702429384137,1,1,1,8.0,1,2.4,1.8912266790437102,14884.51459475852,3.430796810502267,1.0,1,0
757.1450040680885,1,3,1,31.0,7,3.6,2.2443142248637984,1379.982626217077,5.22942875942119,1.0,1,1
1238.3476227399537,2,2,0,17.0,7,0.0,0.004573877412845024,22840.10409240361,4.351577166254657,5.0,4,1
51.198213878706966,1,1,1,4.0,4,6.3,7.464398078536289,15817.734443555075,3.5946262138256664,1.0,1,0
46.761085815403376,1,3,1,3.0,1,3.4,4.178271512095514,7676.778356484161,4.208454844680271,1.0,1,0
112.90197858226877,1,1,1,3.0,3,1.6,1.8185547081806042,7756.853392202609,4.353872516264082,1.0,1,0
41.68988611567002,1,2,1,19.0,3,1.6,0.25953396242146287,10112.214772453191,7.307897310128776,3.0,2,1
1098.2029934235663,1,1,1,44.0,3,7.4,3.4357945264932632,5940.827883643102,5.185426136970291,1.0,4,1
28.131116075114672,1,3,1,31.0,6,0.9,0.3319210830817251,9576.781578846698,6.7593228392297835,1.0,1,1
1761.9956545077853,1,2,1,13.0,5,18.5,20.73212775799636,4624.45464779062,3.4637146454520376,1.0,1,0
57.329781025078454,1,1,1,2.0,3,0.9,0.9944424446035461,5906.937863475583,4.363986044322385,1.0,1,0
1730.7274560027488,1,2,0,21.0,7,2.2,1.0139235602174388,4792.782607838819,7.5,3.0,8,1
606.7953379634678,1,1,1,27.0,4,1.2,0.48342047141008754,7174.1962422240285,5.301857560344045,1.0,2,1
1845.2603727697735,1,1,1,7.0,1,7.1,10.307141654686792,12286.889083976868,3.856102777815771,1.0,1,0
38.9910086833236,1,3,1,11.0,1,2.2,0.8042966479293708,5649.836827625229,6.225257072340366,3.0,8,1
88.96024625297451,1,3,1,21.0,5,0.3,0.18718347506066377,3662.8350424271243,6.841926116814268,2.0,1,1
145.9941935178737,1,1,1,4.0,2,0.2,0.21367487155682116,9703.1928850802,3.9137882085448363,1.0,1,0
44.435433565687624,1,1,1,8.0,7,7.4,10.103931957852149,45091.443389114735,4.037331347184128,1.0,1,0
62.63045078997968,1,2,1,17.0,4,1.7,0.612988182104254,14802.984305747026,5.213869402263426,1.0,4,1
1630.3234189625482,2,2,1,22.0,3,1.0,0.7113036588144436,14721.397306195095,5.6886428381204635,1.0,2,1
65.73143300315851,2,1,1,2.0,1,6.7,7.318335751652309,16162.592260352572,3.821587051941855,1.0,1,0
62.55356828252897,1,2,1,7.0,2,0.7,0.6617389528660126,12163.910479613365,4.037732241140542,1.0,1,0
703.2055903901366,2,2,1,23.0,1,0.2,0.11513238877177001,8605.404360792696,5.282769448273909,1.0,2,1
428.66115039887717,1,1,1,6.0,2,11.6,7.911222650886498,15800.623943243769,3.679065072965276,1.0,1,0
314.79059505778343,1,1,1,8.0,1,1.2,1.6472139285466125,26663.662986837633,4.33826689540223,1.0,1,0
52.52862079641757,1,1,0,17.0,3,4.6,5.93488148841337,3589.575044482952,3.433850251197403,1.0,1,0
61.020199763307446,1,1,1,13.0,1,0.4,0.4845933172799905,9751.464440767244,3.4774478164021603,1.0,1,0
59.03816560764403,1,1,1,6.0,2,1.0,1.2344136464314175,10293.45723847894,3.79471074389844,1.0,1,0
925.4026658368402,1,2,1,22.0,3,1.3,0.8065261626846946,4231.685734357942,4.282724444882733,1.0,4,1
64.04767633032145,1,1,1,27.0,7,1.9,0.5981644479553665,6299.424476335331,6.5055522348353305,2.0,4,1
557.2624436840808,1,3,1,34.0,2,0.4,0.17461475005030375,9766.152375676578,5.998973741231026,2.0,2,1
46.09456153363404,1,2,1,13.0,7,4.6,0.6040702129394853,17620.582493675636,5.334327691705687,1.0,4,1
681.7602095850602,1,1,1,22.0,4,1.8,0.6528865841547624,2707.715005425249,5.941243566852423,1.0,2,1
51.236526752792045,1,1,1,3.0,2,6.9,7.229169321360432,42096.39612327608,4.327245823654997,1.0,1,0
56.95331198205394,1,1,1,2.0,1,6.9,5.125216010982746,18092.6090455452,3.8207069537494083,1.0,1,0
62.25953773841138,1,1,1,21.0,4,0.5,0.2837608718147534,11793.361347696558,6.590419357788824,1.0,1,1
427.31148672748157,1,2,1,15.0,1,0.2,0.19072913729167262,20913.470948747392,3.6370650740428165,1.0,2,0
778.9023017571725,1,2,1,14.0,4,4.1,1.5016999036601635,3876.1886513296154,6.590556908006719,1.0,2,1
0.01,3,3,1,27.0,4,6.0,2.3074773902867713,2573.158242480091,5.372881624706413,1.0,4,1
809.4111791184836,2,1,1,59.0,4,0.6,0.44723343419593403,20158.516402077097,6.06471943006549,1.0,1,1
69.2800167756078,1,1,1,4.0,2,3.0,4.345403335972735,19201.147094540258,3.6514131756556996,1.0,1,0
116.74560229209972,1,1,1,3.0,4,0.7,0.42291510982409486,3760.205788845692,4.362099593388425,1.0,1,0
1952.245541904246,1,2,1,13.0,4,1.5,0.8027061863469618,7078.411163354723,5.950069047581325,3.0,4,1
112.26192798714601,1,3,1,6.0,5,1.9,3.6193972704361608,7323.979428000713,3.550427693746102,1.0,2,0
80.9968536765806,1,2,0,28.0,3,1.4,0.3922931008653033,4868.58827460427,6.149477349662284,5.0,1,1
73.08639136274601,1,2,1,29.0,4,2.2,1.7007166502739823,21775.27575817818,5.8989874723224025,2.0,2,1
1595.756207837772,1,3,1,41.0,3,0.9,0.2867535784215917,4950.99353469933,6.382567426417468,1.0,2,1
113.43969770773191,1,1,1,2.0,2,1.2,0.8434987875707541,14003.200504195145,3.3647079859734585,1.0,1,0
418.2589517622092,1,1,1,9.0,1,2.8,5.342959761471594,28160.76209939746,4.526268500138347,1.0,1,0
85.51355436670565,1,1,1,33.0,5,7.4,1.8028362192537317,27199.986928304574,4.783032881765433,1.0,4,1
41.76858881089039,1,3,1,8.0,2,8.6,7.034256408683539,62845.791298059405,3.8108388158768953,1.0,2,0
120.27893331812915,1,1,1,7.0,2,1.6,1.9744362022686581,5766.317190213637,5.0,1.0,1,0
56.76176210180544,1,3,1,12.0,3,4.1,1.799272321231832,12892.951666664309,5.912946472194838,1.0,1,1
1393.186913174708,1,2,1,7.0,4,5.5,9.284908988221702,26096.561242387997,3.3488441659340444,1.0,1,0
129.60699513508322,1,1,1,4.0,4,6.7,6.295851646785241,24090.438374907037,4.144572373234864,1.0,1,0
130.58583050310284,1,1,1,5.0,2,10.8,6.564738621116919,14896.396878379895,3.5485808106339998,1.0,1,0
123.1458664693012,1,1,1,3.0,1,1.1,1.349735343956942,13583.406322931036,3.2386368408060577,1.0,1,0
431.6660809169836,1,2,1,7.0,1,3.9,2.974352482047234,8711.982946408258,4.344833456260388,1.0,1,0
107.35168854159184,1,1,1,6.0,1,6.3,10.120810808996948,17861.627962523075,3.2014556205994755,1.0,1,0
101.5125929482586,2,1,1,18.0,1,0.2,0.1375872751578809,8567.977926441381,6.580650474326956,1.0,2,1
192.1700791547464,1,1,1,7.0,2,10.7,11.744596682031272,47226.78584599745,3.634519171709094,1.0,1,0
54.23483638557876,1,3,1,13.0,4,1.3,0.8717334865735191,1280.2639973181354,6.477796367183743,1.0,4,1
73.40851835183042,1,2,1,4.0,1,1.7,1.228649169379838,20630.44275983885,4.078421130438817,1.0,1,0
58.68529857476166,1,2,1,31.0,4,2.6,1.266694413801427,3200.571771956261,5.765477976800764,2.0,8,1
734.9203702270883,1,2,1,11.0,3,0.6,0.8518450034049853,8207.559323506188,4.329540938098135,1.0,1,0
48.25022390668066,1,3,1,23.0,6,0.9,0.3674683086283139,6393.559204271936,4.29757980349101,5.0,1,1
64.10118633041571,1,2,1,6.0,4,7.6,11.595938601153344,20396.136574906854,4.116734438455277,1.0,1,0
44.482568177343815,1,1,0,19.0,5,2.1,0.4030623684742673,15917.749957826198,6.233250571276237,5.0,1,1
63.46410882052937,1,1,1,44.0,7,0.1,0.07129450673956493,7581.8570860249165,6.543266857233749,3.0,2,1
69.83613814027231,1,2,1,6.0,2,0.4,0.5613156344572631,19487.793594915638,3.0270274699068414,1.0,1,0
487.2686061226357,1,1,1,7.0,1,0.6,0.532427505091071,32405.431274205595,3.60173603648789,1.0,1,0
76.60178667488971,1,2,1,33.0,6,1.7,0.7524645500853029,4912.60602713339,4.380841225719195,1.0,2,1
1167.859351260226,2,1,1,6.0,1,6.6,10.328658131315306,19507.08103195481,4.037553507366506,1.0,2,0
58.54440876812257,1,1,0,10.0,6,0.5,0.4295937292249952,14414.06867310801,3.276376016739947,1.0,1,0
48.24957236286729,1,3,1,7.0,3,3.2,3.137935506758457,19577.418610522163,3.3059934783028933,1.0,1,0
73.98880684333629,1,2,1,8.0,3,2.0,2.0270073797816686,10211.323958128121,3.8574994517312646,1.0,1,0
80.75784367563017,2,1,1,29.0,4,3.2,0.6393896980259814,4262.067112858419,6.306783946277189,2.0,4,1
134.09759964900047,1,2,1,4.0,1,4.5,3.3745564758387023,11012.933712741537,3.5063803374743303,1.0,1,0
69.22131979525194,1,1,1,3.0,1,9.6,7.800944807216114,11589.770279829227,3.878302951940759,1.0,1,0
141.8079703462611,2,1,1,7.0,3,8.0,8.830992380461218,11349.674579648166,4.771978432546097,1.0,1,0
547.9535448211252,1,1,1,23.0,7,0.1,0.029412774646599818,12749.313799485388,4.999340130356003,2.0,4,1
1601.5794776721352,1,2,1,20.0,3,1.3,0.27877335547180826,19348.40648477894,4.8065235042123,1.0,4,1
346.36724673158517,1,3,1,3.0,1,11.4,10.300209485228121,24075.82574068735,3.5693574760379043,1.0,1,0
135.68658128192942,1,1,1,3.0,6,7.9,10.59107557354214,26236.94598069258,3.7892734603369482,1.0,1,0
103.67856320764723,1,1,1,5.0,5,1.7,1.7045471479763885,42274.67319600017,3.7792752308155944,1.0,1,0
1303.8671908666443,2,2,1,21.0,1,0.5,0.06257355629653011,5332.4454235337635,5.388535936856028,2.0,4,1
33.904987306704356,2,1,1,54.0,5,0.7,0.30360515724708775,18105.324157500916,5.004008444624435,1.0,8,1
524.8061722783617,1,1,1,5.0,1,3.9,2.6375262727594286,30168.690140587663,3.677786633061737,1.0,1,0
26.55083830437066,2,2,1,22.0,3,0.3,0.14926717647806026,4988.561559880296,6.201745594834632,3.0,1,1
81.64918329523238,2,1,0,12.0,2,3.2,4.8641428839324305,18129.443400104898,4.047856580277696,1.0,1,0
774.122916799437,1,2,1,18.0,7,2.0,1.4359882520590488,1280.3272567017054,6.219596738246308,1.0,4,1
722.9361848671541,2,1,1,38.0,5,0.5,0.0705968642892237,3471.2744574954945,6.652054845851828,3.0,1,1
720.001638480582,1,3,1,26.0,6,5.9,2.4609919411952346,1028.0076221775632,5.526993514400622,1.0,8,1
1189.6769596874533,2,1,1,20.0,2,2.6,0.3755069591317092,1034.5852280671336,6.734125518983809,5.0,2,1
455.62796216420753,2,1,1,3.0,1,2.0,2.84450792918123,12363.576769755304,3.2480837574324832,1.0,1,0
522.4905003073554,1,1,1,4.0,3,3.9,3.363051635871672,2942.4714045586447,3.8626629995914623,1.0,1,0
32.43590972095618,2,1,1,6.0,2,2.7,3.025734175346854,14351.926588607816,3.9963998067150497,1.0,2,0
142.0318891625268,1,3,1,5.0,4,5.0,4.24627287433249,12834.693927794524,3.229543765588855,1.0,2,0
70.57758494072704,1,1,1,64.0,7,1.4,1.013953800861183,6180.291767181888,3.496477400294939,1.0,1,1
56.01431148855119,1,1,1,6.0,2,6.1,4.504583249281021,25428.580913505262,3.633553009897221,1.0,1,0
151.52978778548552,1,1,1,3.0,3,11.5,8.921083792376187,7517.411434498207,3.78998223959501,1.0,1,0
47.493483291824234,1,1,1,4.0,2,0.2,0.38779710195617595,20616.94437235025,3.9858201825087964,1.0,2,0
77.22384132705866,1,1,1,15.0,1,9.8,14.328057242184926,10084.214425645754,4.096820303882906,1.0,1,0
922.4736676809712,2,1,1,3.0,3,18.3,20.880343967841885,9706.854463875214,3.175862607160099,1.0,1,0
132.54973799088106,1,1,1,3.0,1,7.0,4.397977985866889,7181.857118394516,3.8105843327509366,1.0,1,0
666.6609566682788,2,3,1,6.0,1,3.4,4.892893958792217,16331.012494382745,3.7350428013343833,1.0,1,0
71.61548294002256,1,2,1,2.0,1,1.2,1.695173540180235,17202.895110641784,4.186116064706445,1.0,2,0
1426.288626358924,1,2,1,8.0,1,3.2,1.9144492602283143,19328.863517973194,3.894554845071246,1.0,1,0
116.47161421126935,1,1,1,9.0,1,6.5,7.196644549429277,9401.022390111108,3.6184914751090838,1.0,1,0
62.280598738521135,1,1,1,29.0,3,0.8,0.11520899157152638,12829.77560532595,5.778682087542473,1.0,1,1
115.16621108382164,1,3,1,7.0,1,2.8,2.4605104207079833,12671.78486680363,4.069238125854085,1.0,1,0
68.89523453121909,2,1,1,46.0,4,3.6,1.4271836084927996,5761.837330630307,4.403573529726561,1.0,1,1
647.1504459769905,1,1,1,13.0,4,1.0,0.2590112911638268,10908.668758969825,5.830122182215098,2.0,1,1
559.6329207804345,1,1,1,4.0,3,0.4,0.3266672433643339,10710.236230127217,3.8533587500466098,1.0,1,0
42.865340496911955,2,2,1,25.0,4,3.5,1.413003161100307,14196.02977053484,4.754971481291062,1.0,1,1
69.43063775236432,1,3,1,15.0,9,0.3,0.28277816824900853,3345.449047823824,6.365314954333154,3.0,1,1
151.70988739991105,1,1,1,4.0,3,3.3,4.749380405703284,6795.635593139626,3.5494144339705525,1.0,2,0
99.8109320019323,1,1,1,10.0,1,4.2,3.9693666237199845,5824.80104302275,3.971131689953057,1.0,1,0
146.38869487499286,1,1,1,7.0,1,0.7,1.0144717398797467,10523.801919803975,3.738348142810444,1.0,1,0
472.8343845439723,1,1,1,5.0,1,14.7,21.039955950778126,5988.610980015732,3.435307127152045,1.0,1,0
450.9710102896772,1,2,1,7.0,2,3.7,3.655601402163873,14655.550767008312,3.969101318519742,1.0,2,0
62.245353137530564,1,2,1,18.0,5,0.2,0.14059967826084005,2387.3101424142696,6.425653570083804,3.0,8,1
1435.4321135963942,1,2,1,5.0,2,6.6,7.713816519112232,39391.34194578249,3.07604789508623,1.0,1,0
1538.8091604435876,1,1,1,7.0,2,1.0,1.2308482903977094,6251.223516560783,3.6920541743338346,1.0,2,0
50.467529805114154,1,1,1,3.0,3,3.3,2.1721728035008554,28980.135652470697,3.323817708608982,1.0,1,0
161.9991103812579,1,1,1,3.0,3,4.3,5.120976436526724,10812.540249665266,3.8307822745103173,1.0,1,0
126.32850304843258,1,2,1,2.0,2,1.4,1.847612962750316,16156.946234100258,3.5366852362222096,1.0,1,0
797.1021971119765,1,2,1,17.0,11,0.3,0.06586533574775771,4580.8367089248895,5.390742255825176,3.0,4,1
1203.0856435534304,1,2,1,29.0,7,0.6,0.11591316273930868,9712.730086768446,5.722311744794652,5.0,1,1
29.591615743440144,1,2,1,16.0,4,0.3,0.3099699187148676,5767.789937220375,4.399422478420665,5.0,1,1
374.69016612121777,1,1,1,3.0,1,0.3,0.30900350904927676,15268.185615192397,3.54871911158696,1.0,1,0
84.47152004891474,1,2,1,9.0,1,29.7,24.419300622654227,28195.637680824355,4.488253515258602,1.0,1,0
1746.8968920522284,1,1,1,6.0,1,7.7,5.114969415949191,14339.924075166942,3.4010176427219934,1.0,1,0
533.2638830860373,1,1,1,2.0,2,6.5,9.169914205916735,20749.94452644925,3.7720662609951994,1.0,1,0
1401.165669683285,3,2,1,22.0,8,0.7,0.34064566722862805,4132.99841569589,5.347885957134143,5.0,1,1
45.32246636290167,2,2,1,25.0,6,0.3,0.3469235136175402,9226.18886394801,6.3569809943782385,3.0,1,1
21.646035031746695,2,1,1,49.0,6,0.7,0.5636015767033841,10721.725925365106,6.180670750944203,3.0,2,1
20.74027110121477,1,3,1,13.0,5,0.3,0.1195078683675471,3408.5556081772806,6.870444768908352,1.0,1,1
550.4225233804177,1,1,1,4.0,1,1.7,1.3245713929961063,6065.103820821136,3.7481256777739174,1.0,1,0
65.33332959910368,2,3,1,3.0,1,4.9,4.402612987589447,36438.023437435244,4.017909181137678,1.0,1,0
54.61311318075666,1,1,1,14.0,7,0.1,0.0801618935302378,5613.946539329463,6.746456932237124,1.0,4,1
1300.7236594621093,1,1,1,4.0,1,20.5,29.69932109690274,17592.029746276574,3.9438062421125966,1.0,1,0
153.47938187542164,2,1,1,7.0,3,5.7,7.0922295135569,21054.80117344367,3.614209301489504,1.0,1,0
20.885469593715136,1,1,1,29.0,5,0.2,0.037337038735757666,2716.3921726558515,5.6788001506576355,2.0,1,1
381.37877557220816,1,1,0,5.0,1,2.1,2.905457477602702,13667.210010373328,3.2549050023125217,1.0,1,0
86.65803260425373,1,1,1,3.0,5,1.4,1.8543421445976433,14721.064742484554,4.411601275584439,1.0,1,0
1565.8849347623323,1,2,0,35.0,4,1.7,0.9648839506003055,2130.1463133298744,6.727453579718177,3.0,1,1
513.9761716686324,1,1,1,6.0,3,2.7,3.8586596474945374,19391.142703692003,3.4198463814849176,1.0,1,0
52.626330870290275,1,3,1,20.0,4,1.8,1.195164512559912,2289.459734731305,4.195022950604727,5.0,2,1
487.7300849987018,1,2,1,6.0,1,2.6,3.4502388965944295,20982.164607850096,3.663493224306299,1.0,1,0
45.93266720140551,1,1,1,8.0,1,0.5,0.416237471546486,10229.730587495578,4.302863142078084,1.0,1,0
1436.2089577280644,1,1,1,7.0,1,0.3,0.33437869892194355,26321.184845053012,3.935194558179752,1.0,1,0
785.1690097217202,1,1,1,41.0,5,1.4,0.604612593546415,967.1824366353615,6.0253525885027095,5.0,2,1
77.4419763528719,1,2,1,44.0,3,2.8,1.353231017106827,7708.595951687677,6.762214625310829,1.0,8,1
121.29902759225516,2,2,0,5.0,1,10.3,9.235041297792973,18015.71534151665,4.430233310838961,1.0,1,0
748.0821892081398,1,1,1,15.0,4,0.3,0.177100146953335,13975.316352395517,6.006051563411313,1.0,8,1
129.9271956236234,1,1,1,5.0,1,1.1,0.7774672610294855,11744.488732006266,3.3027211913177017,1.0,1,0
32.754217664445775,2,1,1,20.0,4,2.2,0.8460994135228739,1593.6049128215375,5.551334756906251,2.0,2,1
433.4104866853622,1,1,1,6.0,1,6.0,7.1761063707932005,16688.782814398113,3.544768015385106,1.0,1,0
56.78803938322148,2,3,1,13.0,4,0.2,0.08366994295976692,10050.875940413562,6.471377617705775,3.0,1,1
60.86087921250778,1,1,1,20.0,5,1.5,0.5549404468570405,2454.011015181864,5.31666078381214,2.0,1,1
497.9965775721285,1,1,1,3.0,2,4.7,2.907191435489345,10073.515050693737,3.814195453693616,1.0,1,0
107.87336384431035,2,1,1,6.0,3,4.2,6.680084626079995,28139.478743423035,3.737265005824191,1.0,1,0
409.44884837937144,1,1,1,4.0,3,3.4,4.039083061602023,16108.833651341327,4.09958965663269,1.0,1,0
545.29074695112,1,1,1,13.0,1,0.7,0.6984380094088488,17124.18550022062,4.075178969226695,1.0,1,0
170.59696034371967,2,2,1,11.0,1,1.8,1.290888650235592,18331.530783230017,3.704640458516408,1.0,2,0
122.9892328423801,1,1,1,6.0,1,1.8,0.9531766859981431,27035.827123287752,3.4072168577157873,1.0,1,0
150.55264271021045,1,1,1,2.0,2,3.7,3.6062094264974487,9326.377871184472,3.57905150660013,1.0,1,0
76.60761347655061,1,1,1,3.0,4,1.9,2.3136463729715153,5138.537125054989,3.7349191382821205,1.0,2,0
1623.4249935462146,2,1,1,13.0,1,3.2,4.1074377508195745,7918.970866335546,4.049630414370745,1.0,1,0
527.7801296337962,1,1,1,6.0,1,4.4,4.612535977035355,16888.189333622617,4.061136376523065,1.0,1,0
131.85250699547788,1,1,1,4.0,2,0.3,0.48938824349797394,18502.511523962414,4.1182838808932205,1.0,1,0
133.1365503574874,1,1,1,4.0,3,2.0,2.43397623392474,5454.553771884293,3.4710706017291613,1.0,1,0
1801.7866591130291,1,1,0,12.0,6,0.3,0.34652458454882473,9309.624396890793,4.978115009157199,5.0,1,1
59.95179748406406,1,3,1,14.0,3,4.2,5.3697545906037565,24997.53232483289,3.5662205873721415,1.0,2,0
50.597161463126284,1,1,1,6.0,3,3.9,3.4688950046036213,8267.007148869008,4.0220361678267045,1.0,1,0
63.59693762423242,2,1,1,14.0,4,1.5,0.7086486573387167,27702.032917650897,5.393885663100087,2.0,1,1
126.62396749573219,1,1,1,4.0,2,0.8,0.791845723231126,14253.987533539528,3.6439327635718066,1.0,1,0
117.50071143703266,1,1,1,4.0,3,0.9,0.8307437907498664,17072.657710409778,3.4238005933439672,1.0,1,0
51.254021320546094,1,1,1,12.0,3,0.5,0.9601611074892552,19733.742713386575,4.288652891916171,1.0,2,0
84.56622600910967,2,1,1,3.0,2,14.7,21.21217850918857,5695.523134394648,3.9015062423139457,1.0,1,0
13.221741051599512,1,2,1,15.0,4,3.5,2.4873841640736973,3488.6594395143607,4.387077870757071,1.0,2,1
1273.8022002758123,1,3,1,38.0,10,0.3,0.18922172801328957,9617.337985763907,4.861694618664435,1.0,1,1
772.6277410101701,1,1,1,8.0,3,1.0,0.2444920861571413,8245.487493312285,5.95044838603003,2.0,1,1
138.68707941413618,1,1,1,6.0,2,1.8,1.457536834501826,22529.665860849414,3.1508617778680468,1.0,1,0
612.5808702355417,2,1,1,8.0,3,0.7,0.8607338458105394,13160.44698650465,3.735690949484705,1.0,1,0
155.49064226757264,1,1,1,15.0,2,16.3,15.51394777422407,43755.956475920146,4.8944818889335435,1.0,1,0
1221.000469952755,1,1,1,5.0,1,2.2,3.052729517957378,13804.662278298962,3.2463386771683846,1.0,1,0
46.74561489896291,1,1,1,30.0,6,2.0,0.22962056913606804,3679.2844440343383,7.213481599311385,2.0,2,1
519.9111373294389,1,1,1,9.0,1,1.1,1.2012918848279124,23007.497922742194,3.857190729071885,1.0,1,0
39.784560929531956,1,1,1,9.0,1,28.1,29.975308227670933,10986.327290464658,3.89582503948796,1.0,2,0
1466.5055030018166,1,1,1,13.0,1,1.4,1.5733286094608276,5626.455492528783,3.8702574373784953,1.0,1,0
130.35055834624873,1,1,1,2.0,4,2.1,2.5831263646317275,3783.814660638708,4.010022348476244,1.0,1,0
1586.000312780944,2,3,0,23.0,3,0.4,0.14252963261688723,1055.355246978614,6.158501923228518,1.0,8,1
121.82725110920995,1,2,1,13.0,5,2.5,2.4408030946274604,17710.103199060988,4.068588257123451,1.0,1,0
480.6914877016668,1,1,1,4.0,1,2.6,2.5218795498227697,7431.433043679553,3.344321998735132,1.0,1,0
437.63929424274204,1,1,1,4.0,2,1.1,1.1150314670944277,23119.335881873638,3.97121889710131,1.0,1,0
134.1267488962487,1,1,1,10.0,1,6.3,4.728937473869159,11265.374232501012,3.6194750636812323,1.0,1,0
463.7621161845362,1,2,1,6.0,5,1.7,1.4934491245803883,11572.699037903347,4.583601175034718,1.0,1,0
682.7316176788661,1,1,1,6.0,1,4.6,3.088419268740758,43697.34100402897,3.6213224005813567,1.0,1,0
57.36193693197369,1,1,1,2.0,1,0.5,0.35110619380237,16791.620891633756,3.667795085985754,1.0,1,0
116.87745475374538,1,1,1,4.0,1,12.3,8.514659464808238,9778.860381244633,4.5217328733938045,1.0,2,0
560.5902144091267,1,1,1,4.0,1,2.6,3.336691039190281,4870.18636519273,4.114226608867962,1.0,1,0
1372.645019036719,1,1,1,6.0,2,2.1,1.2501067092236653,32506.453039630665,3.6603497260886475,1.0,1,0
41.60117027184497,1,1,1,6.0,5,13.2,8.733636681420176,1131.1651310199404,3.8352816898382907,1.0,1,0
436.4700394349083,1,2,1,3.0,1,3.2,4.096881685704085,10297.000619493696,3.829715844515378,1.0,1,0
1473.4862116637405,2,2,1,40.0,6,0.9,0.5419942473274347,8750.902268083433,5.650249239309461,2.0,1,1
35.691090534473815,2,3,1,2.0,3,6.2,6.521711430393935,21389.723314126335,2.994616106307417,1.0,1,0
123.27050480613995,1,1,1,10.0,2,2.6,2.3066216929814667,27665.97040189048,3.5521270006659558,1.0,1,0
92.04849060766384,1,3,1,29.0,3,0.7,0.31486864755186705,21167.241822134794,5.137497310203636,1.0,4,1
28.312884727599688,1,2,1,21.0,4,0.5,0.23019521551321775,5334.599696782565,5.861971894490417,5.0,1,1
124.92530096644491,1,1,1,4.0,3,8.9,10.67023765671771,14523.087752101392,3.47224822966664,1.0,1,0
1382.7341652443279,1,2,1,3.0,1,0.8,0.5494962221262398,17453.98745436662,3.6909955555536813,1.0,2,0
739.2995913079178,1,2,1,16.0,5,0.8,0.7833457503593083,3039.209809439598,4.469538879976745,2.0,8,1
121.47276719046744,1,2,1,4.0,2,1.8,1.0135505585161177,32158.775940531894,3.002766684208059,1.0,1,0
1559.219152516174,1,1,1,2.0,2,0.5,0.3666665205818901,10973.628346050968,3.578013331382635,1.0,1,0
470.6793199885845,1,1,1,2.0,3,9.4,6.449468035866989,33407.310663042495,3.195836480425668,1.0,1,0
1574.9552908645041,1,1,1,5.0,3,3.1,3.9145025276609124,10029.282576148755,4.063626396365393,1.0,2,0
54.47930053506283,1,1,1,4.0,1,2.3,1.6426827063458826,12007.66154654122,3.5920848118255133,1.0,1,0
77.31277421733373,1,3,1,62.0,3,0.3,0.13536745319206042,3379.297812982259,6.043075750670229,5.0,2,1
1262.6341497017117,1,1,1,6.0,1,5.2,6.749561162766753,4914.566464709657,4.3598979133960984,1.0,1,0
431.5202337400603,1,1,1,3.0,5,5.1,4.96053164646972,20333.089793549945,3.1581447775175664,1.0,1,0
116.03565912921906,1,1,1,6.0,3,1.2,1.286092711361022,22345.198460745254,3.629046299313312,1.0,1,0
61.77347940132914,1,1,1,4.0,1,3.8,5.835399218947006,22786.792362599423,3.0052224589422725,1.0,2,0
56.63777881826939,1,1,1,3.0,2,12.8,18.4742525392662,18575.66134529768,4.026798891242239,1.0,1,0
1178.6441102637623,1,2,1,20.0,4,1.8,0.35592984793913834,5150.149026899299,6.5548509286982535,1.0,2,1
121.29480360538065,1,1,1,10.0,3,4.8,5.904202988049075,18279.693224910003,4.067152202642065,1.0,1,0
20.41666383668886,1,2,0,48.0,10,0.1,0.05230896983542858,5885.996333791979,5.919301177734475,2.0,1,1
144.5259564871626,1,1,0,5.0,3,3.6,3.550834669923397,8439.73225829676,3.7431005972359137,1.0,1,0
64.3836260875728,1,2,1,7.0,1,0.2,0.3425280601041852,15491.008713240491,3.738601629076206,1.0,1,0
952.0750671244997,1,1,1,15.0,4,4.4,9.1998882443683,5755.731648158133,3.473032165207517,1.0,1,0
50.996619443204764,1,1,1,11.0,2,7.6,10.751608137661206,14176.594579471684,3.84168619511206,1.0,1,0
1492.4863347801372,1,1,1,5.0,3,3.3,5.387079770046232,15809.353417644108,2.9975063557441795,1.0,1,0
1426.640905259045,2,3,1,10.0,1,6.9,8.100935606775957,13726.577934411633,3.963956175824069,1.0,1,0
1366.1394436487108,1,2,1,4.0,1,2.1,1.2596820378038796,14443.279303668502,4.25622873181021,1.0,1,0
118.06815610882923,1,1,1,2.0,3,9.0,5.761991252255424,5439.797388790453,4.440688163891187,1.0,1,0
1539.5261816506804,1,2,1,8.0,1,5.0,5.217381999399942,16196.8668855364,3.4706128862082024,1.0,1,0
80.29967570230922,1,3,1,45.0,2,1.5,0.1281616320747033,2164.8319589920843,6.63331323585842,2.0,1,1
522.5622823355861,1,2,1,8.0,1,0.8,0.9628392145194083,33729.950351425294,4.373374987991172,1.0,1,0
69.42256498338668,1,1,1,6.0,4,0.9,0.7456962824440959,14809.35554144604,3.5883507672631745,1.0,1,0
59.62632265135238,1,1,1,4.0,2,13.2,14.30855800714267,6665.83863992483,4.449584495851031,1.0,1,0
42.55093709523544,2,2,1,30.0,1,1.6,0.7681602078373817,8298.737475887441,5.919160265439221,1.0,4,1
72.54691476551963,1,2,1,6.0,1,10.4,7.999511229735881,15391.335551291952,3.963099203000662,1.0,1,0
130.14274558276784,1,3,1,4.0,4,4.1,4.085863474448836,9500.386829860525,4.028012661738949,1.0,1,0
541.7077929818041,1,2,1,5.0,3,14.7,10.328580205654141,3289.5618868707943,4.268058780498176,1.0,1,0
1527.7580507309872,1,1,1,10.0,1,15.6,17.374630630614877,7422.301348797699,4.25751876280743,1.0,1,0
1560.9343585841605,1,1,1,5.0,1,8.5,9.270650657651307,12540.82969147624,4.28082861037892,1.0,1,0
1417.3800659668548,1,2,1,9.0,2,3.2,2.66326373077228,13372.775919653288,4.077566467735859,1.0,1,0
828.6416161643606,1,3,1,31.0,6,0.6,0.08660419844400487,22807.007075173082,4.085442258124732,2.0,8,1
81.79478418237396,1,1,0,2.0,2,26.3,21.80160270901589,27699.05181497626,3.236510088905194,1.0,1,0
89.41622633652975,2,1,1,21.0,6,3.2,2.2115706664416854,3864.978831349365,5.035748797511196,2.0,2,1
20.480542288141187,1,1,1,36.0,5,1.3,1.1597587553291107,4159.977463403399,4.827741330236749,1.0,1,1
542.1301611721578,1,1,1,6.0,1,4.2,6.022364502394327,17429.376062321047,3.5725329452123638,1.0,1,0
1318.415830474625,1,1,1,6.0,5,3.3,2.901967092510247,11334.555431739433,4.560218682142068,1.0,2,0
40.62677103820881,1,1,1,20.0,1,0.4,0.2608538889244481,20890.447805786273,4.881624312484761,1.0,1,1
1654.6495315295908,1,1,1,4.0,1,8.1,7.855166532423197,23781.97078805934,4.151484819200784,1.0,1,0
138.09663627780435,1,3,1,23.0,3,7.7,5.042424108171925,12473.24449495927,3.9825276606411917,1.0,2,0
593.9434241700054,1,2,1,9.0,1,1.8,1.464760345740429,14097.791767113944,4.046270109772499,1.0,1,0
112.37718683827143,1,1,1,4.0,1,0.4,0.3352683645540885,9953.201319850059,3.9051530367893825,1.0,1,0
115.4302173743154,1,1,1,3.0,2,0.9,1.0484259434225307,8949.636273383314,4.685186977850553,1.0,1,0
72.6389908074201,2,2,1,17.0,2,1.9,1.2395699967343017,22276.695238608885,3.9162673484314956,1.0,1,0
69.3167757404205,1,3,1,34.0,4,1.4,0.5847216561040667,8445.548641601887,5.574537591174858,3.0,2,1
1591.8618762871638,1,3,1,7.0,1,1.5,0.882327656983056,29752.786057192174,3.684389457857464,1.0,1,0
84.02779107128246,1,1,1,26.0,9,0.2,0.07068207250404339,4724.688204763841,5.405739549023507,1.0,4,1
56.71875227250759,1,1,1,3.0,1,0.5,0.4787983437933998,14191.302667954751,3.540762192383431,1.0,1,0
505.39952661188164,1,1,1,10.0,3,2.0,3.015167131486521,4719.448656102271,3.5324783296847873,1.0,1,0
488.21727896741004,1,1,1,4.0,2,3.0,2.1534351316149065,17965.76090552806,4.272276879024924,1.0,1,0
579.9686068226822,2,3,1,8.0,1,2.2,2.6996705665391314,9473.92839771295,4.3432192312662075,1.0,1,0
86.30881438331774,1,3,1,18.0,4,0.7,0.1361878536048662,10345.827963353096,6.2444021710645945,2.0,4,1
612.8952368845515,1,2,1,11.0,2,0.2,0.3085947552674265,7334.879116693641,3.3059455371748916,1.0,1,0
145.85570735888862,1,1,1,5.0,3,2.3,1.5267185063493984,26876.4742999121,4.084582630857382,1.0,1,0
527.7874035352878,2,1,1,6.0,3,1.1,1.5728945917079604,37046.67373447261,4.412520445782823,1.0,1,0
521.4144420188228,1,1,1,11.0,2,24.8,28.379620804340444,9493.873658103817,3.886926379672401,1.0,1,0
567.0936205056371,2,3,1,2.0,2,8.0,4.612795904273323,13610.194784923866,4.091501221549656,1.0,1,0
527.9016336239306,1,1,1,8.0,4,0.3,0.3526262546905481,15112.234063832639,4.337855211732626,1.0,1,0
1481.9662649254622,1,3,1,10.0,2,1.7,1.9170112180901775,17916.456764505252,4.357884640313058,1.0,1,0
469.7385911578804,1,2,1,4.0,4,1.0,1.2649474335350364,4343.321031829351,4.539761323174068,1.0,2,0
59.778012914079234,1,3,1,6.0,4,7.0,7.96044019174401,13641.301368966118,4.56970930822918,1.0,1,0
828.1050845218106,1,2,1,27.0,5,1.5,0.7564446289325173,12264.521429283537,4.805417534910325,2.0,2,1
446.2252520012741,1,1,1,10.0,1,0.6,0.5707382747278426,26795.849936538587,3.8496153340956147,1.0,2,0
118.83122295864342,1,1,1,4.0,1,6.7,5.085108656386997,23550.104310456445,4.129349028781687,1.0,1,0
94.16493070873747,1,2,1,25.0,10,0.3,0.19175523818908669,6040.0929430954975,5.30772047289834,1.0,2,1
110.61856378090151,1,3,1,27.0,4,0.1,0.032640070622732276,1760.8187084704123,5.818274175140861,3.0,1,1
84.02697013036857,1,2,1,33.0,8,1.0,0.8823886053221495,11700.671773911383,5.860909525191662,1.0,8,1
125.54605185438565,1,1,1,3.0,4,1.5,0.9071985778279892,38648.15149346243,4.003157416869077,1.0,1,0
1117.5281031384952,1,1,1,8.0,1,5.4,8.502692007470602,17767.38589293146,4.258822959327247,1.0,1,0
65.37873089340715,1,1,1,6.0,2,11.1,12.024869660341672,3308.074265742054,3.8308787855787325,1.0,1,0
1493.188041654278,1,1,1,3.0,1,0.4,0.29313056980120494,10494.443054825195,3.2405583234297284,1.0,1,0
86.64221460871688,1,2,1,4.0,1,0.7,0.8492749842931796,5028.9426062692755,3.9571049628107215,1.0,1,0
537.9922151539299,1,3,1,5.0,2,5.0,7.201279879569165,22417.909764688604,4.2922514701076775,1.0,1,0
405.322493840198,1,1,1,6.0,4,2.0,2.043446077234274,20735.55456740485,3.233371029575055,1.0,1,0
92.93991343679183,1,2,1,31.0,5,0.1,0.043632798516355174,2921.888139843516,5.258442566389628,1.0,4,1
100.47782271099435,2,1,1,36.0,4,1.2,0.845479362307275,6470.418845173579,5.658869262744666,1.0,1,1
74.10409653121899,1,2,1,3.0,3,8.2,7.136588155936551,16071.567054849364,4.23040494865281,1.0,1,0
27.346834032370705,3,1,1,21.0,9,0.7,0.12703059740786768,15490.092659978864,5.712786803927509,1.0,4,1
42.9214879681186,1,1,0,2.0,5,1.2,1.6715314626657827,11569.91371558255,3.8964275458563025,1.0,1,0
88.24113971765745,1,1,1,22.0,2,0.6,0.17934056433153486,5591.529655498484,5.609779148388329,2.0,4,1
59.423822079236615,1,2,1,24.0,6,4.2,0.6646551251728725,3388.3082444138104,5.889344637815396,1.0,2,1
147.59664857293077,1,1,0,2.0,1,0.3,0.32947615076596937,14783.738895736362,3.8173504615497436,1.0,1,0
148.0477778438749,1,1,1,3.0,1,3.7,2.573571834231227,20930.33127071399,4.112901311752184,1.0,1,0
1215.341907816311,1,1,1,3.0,5,2.2,3.5325621711684176,8113.305724754553,2.544366444613251,1.0,1,0
470.510921492259,2,2,1,4.0,2,2.7,1.5406092169037013,24350.306163293553,4.065829932341209,1.0,2,0
177.71654031391594,1,1,1,5.0,4,21.3,19.6560125878856,19732.292517286063,3.9167343453026495,1.0,1,0
134.28985485636935,1,1,1,5.0,3,0.9,1.1667608852229603,8347.256071685259,3.2497464492974206,1.0,1,0
154.82312304218297,1,1,1,3.0,2,1.0,0.8950972643553973,28941.818493568553,4.524837732586453,1.0,1,0
61.29620894624263,1,1,1,17.0,1,0.8,0.2792062292568548,991.2358493730126,4.308501831875352,1.0,4,1
1269.1687192871827,1,1,1,10.0,2,9.5,9.160725816585133,15321.343660498182,3.873015836474886,1.0,1,0
144.28710713003733,1,1,1,19.0,1,2.7,4.538721809749528,12199.45057068333,3.535500976274888,1.0,1,0
116.65832488334651,1,1,1,7.0,5,2.5,1.4533769935154721,7994.850974993649,3.8760647639862738,1.0,1,0
93.71701278927075,1,2,1,3.0,2,1.6,1.8014154293332054,14667.768564106345,3.941715707195595,1.0,1,0
112.04966536519967,2,3,1,6.0,1,0.9,0.931090303684726,7406.802087656114,3.7061926039021937,1.0,1,0
137.17583757666745,1,3,1,3.0,5,1.0,0.8278299906072752,23090.223275849203,3.803347950816979,1.0,1,0
596.7014503973904,1,1,1,7.0,1,4.9,6.211325799038835,9494.483861324854,3.2198596511536604,1.0,1,0
48.74593171942573,1,1,1,4.0,6,4.1,2.562515164425502,22437.64235969306,3.897066452261635,1.0,1,0
775.6089998656126,1,1,1,26.0,5,0.4,0.03925364637553585,7319.062654343711,6.045155765682242,1.0,8,1
119.6883581215789,1,3,1,2.0,2,1.8,2.1450592036974045,10010.173436273735,5.0,1.0,1,0
57.119000339860165,1,1,1,2.0,4,2.7,2.0934274307170297,23858.821478077887,2.891896520628353,1.0,1,0
607.632654127663,1,2,1,7.0,1,5.3,4.144649509348929,26238.784804361923,4.632082253247262,1.0,1,0
407.9593903738307,1,1,1,5.0,1,3.8,5.723129029072656,11596.824279458115,3.9591728754808817,1.0,1,0
126.41241606231544,1,1,1,6.0,1,5.6,4.565198061345898,20608.654590851547,3.256188947347674,1.0,1,0
1852.61593298707,2,1,1,2.0,4,3.9,2.3644752751828153,13496.820390138233,3.1045067327188107,1.0,1,0
54.95351734559594,1,1,1,7.0,1,4.7,6.381630714876353,16220.505930106983,3.6374206191479397,1.0,1,0
112.03277094057269,1,1,1,3.0,2,36.8,31.63319620867846,9913.86429984103,3.8478932418786527,1.0,1,0
525.5644582993405,1,2,1,7.0,4,1.1,1.2118229621221421,56400.27398913562,3.27161250811665,1.0,1,0
580.0838418462367,1,1,1,10.0,2,6.7,5.442463279257344,16216.607550939994,4.209233988628252,1.0,1,0
49.98550835175617,1,3,1,33.0,6,1.3,0.9178899382078487,19265.548086881092,5.533910062913449,1.0,1,1
86.78109067808784,1,1,1,14.0,5,6.5,0.8993860915200701,11704.868357451422,4.848346653041748,2.0,1,1
915.7776034440211,1,1,1,17.0,4,2.5,1.3482109349016034,15715.14955611765,5.019818147927951,2.0,4,1
466.57654654761615,1,2,1,3.0,1,2.3,2.47087037177103,11023.731035843753,3.6038601784974253,1.0,1,0
74.61606658059333,1,1,1,10.0,3,13.4,17.25625212904068,14213.491516108816,4.461373208979689,1.0,1,0
81.76008321149727,1,1,1,21.0,3,1.7,0.609528275409916,13883.62305722037,5.36493476164542,5.0,2,1
1588.233224318953,2,1,0,4.0,1,2.5,3.2045701090662573,6196.756315045661,3.2900387183273425,1.0,1,0
38.38017491992299,2,2,1,3.0,3,4.8,3.4245291669096427,10932.259981433825,3.7245049118863007,1.0,1,0
93.11901810287296,1,1,1,7.0,2,21.4,20.674291411428452,14525.73426283357,3.905097490545589,1.0,2,0
1428.9195409548242,2,3,1,5.0,2,3.8,4.949474416369503,36542.712276660415,4.3655354249192,1.0,1,0
73.11573124033096,1,1,1,22.0,11,1.6,1.1839963510178517,17758.365324789916,6.27176535074926,2.0,1,1
406.24465019461303,2,1,1,9.0,1,16.9,14.886783132220305,16380.076939377186,3.770318052809498,1.0,1,0
618.5318554639744,1,1,0,10.0,2,37.0,27.96612119671704,7936.977334974178,4.441800964791593,1.0,1,0
152.15541950320525,1,1,0,6.0,3,0.4,0.28695633387066427,15906.730704967491,3.8541561844710492,1.0,1,0
44.10596091141586,1,1,0,9.0,2,11.2,8.90158845657088,7564.507799807684,3.7574551476763225,1.0,1,0
67.92023844580002,1,3,1,34.0,2,2.2,0.6788985913200877,8453.087222651951,6.418099448510249,5.0,2,1
1817.6851684776555,1,1,1,4.0,5,4.1,5.473857478776724,18254.941904548683,3.9028175814159654,1.0,1,0
69.69671155135698,2,2,1,6.0,2,4.0,3.507931063786034,15837.321840869656,3.155835114023873,1.0,1,0
74.40947784124211,2,2,1,27.0,5,0.9,0.22207793650110427,26419.1921721435,5.5294036795813994,3.0,1,1
109.40782265450329,1,1,1,6.0,1,4.5,3.908645107077789,10020.957236073531,4.275650246292289,1.0,1,0
1399.9334026107679,1,2,1,5.0,1,3.7,5.3522934519333605,23704.586085898012,3.568640659266074,1.0,1,0
1462.0036137586294,2,3,1,8.0,4,27.3,22.519990708130972,9945.539205360994,4.0595936630538,1.0,1,0
50.58980385941194,1,1,1,2.0,1,5.0,4.413371512467264,8405.936084213097,3.6414242776298322,1.0,1,0
49.791924055904175,1,2,1,18.0,4,6.7,3.50383683294693,17494.444020905947,7.3872786557913965,1.0,4,1
72.13534830553704,1,2,1,6.0,2,13.1,14.994046966283218,22448.86816927424,3.7367016882178907,1.0,1,0
135.7355124498049,2,3,0,3.0,2,4.6,4.158453347195684,25449.790574092232,3.956211719499812,1.0,1,0
680.7390802963425,1,3,1,26.0,9,0.6,0.21607135687843895,5614.680765423618,5.370226902385735,2.0,1,1
78.25762280844904,2,1,1,28.0,7,2.5,1.3846281293118565,6462.35188120907,4.588651669800545,2.0,1,1
598.2953374297334,1,1,1,12.0,1,2.4,1.341873542919466,32551.323055892903,3.8419130248115607,1.0,1,0
82.70249880104804,1,1,1,4.0,2,2.5,3.427109986755435,19583.995975625854,3.832209164518434,1.0,1,0
64.81534749802574,1,2,1,8.0,4,7.8,7.247489657660387,8653.249541236602,4.058805813476861,1.0,1,0
118.79939615769194,1,2,1,4.0,2,2.1,2.1578968611560168,16822.976284061897,3.6426370095203318,1.0,1,0
69.57917738572122,1,1,1,4.0,2,6.9,6.36356389377994,32206.274698676563,3.8775199951110397,1.0,1,0
55.559916626189136,1,1,1,8.0,1,1.9,3.036356380255282,13686.56753922888,3.690872507612609,1.0,2,0
31.77267109046486,1,3,1,13.0,6,0.2,0.13838837485811506,7614.7210250191865,6.470556003730374,1.0,2,1
76.04105138327773,1,2,1,10.0,3,7.3,4.880421003954161,14160.59902868465,4.257184602438788,1.0,1,0
1655.7072786634985,1,1,1,2.0,1,1.7,1.9192929989151932,28900.93947556965,3.528967585656653,1.0,1,0
1290.8326111700092,1,1,1,3.0,1,0.7,1.1541332792466084,55928.344267503155,3.864580707659164,1.0,1,0
55.137142325462776,1,1,1,16.0,1,4.9,6.9753438256757265,10100.790696490574,3.8783381710463267,1.0,1,0
1765.565500690141,1,2,1,6.0,1,0.7,0.9660768146550415,17713.41076947381,3.416025222178262,1.0,1,0
55.82813945755391,1,1,1,16.0,2,1.1,0.341866167234951,1488.3268884341526,5.809884443706885,1.0,1,1
90.89567705357675,1,3,1,7.0,1,3.4,2.659430104504424,19646.13825349019,3.4836613811426296,1.0,1,0
29.82503029948012,1,1,1,26.0,6,2.8,0.36172524394145716,8000.728838502649,4.3024816481363395,2.0,1,1
46.14053658094971,1,2,1,20.0,6,1.2,0.2833279444464407,6342.307724523861,5.347486224006415,1.0,2,1
1329.3616639566017,1,2,1,5.0,1,1.3,1.0688624276448269,10484.310023746608,4.866580589662779,1.0,1,0
141.90558436379285,1,3,1,9.0,3,11.6,17.896855501393297,24025.90747961251,3.9583441746924257,1.0,1,0
49.968784807890295,1,3,1,4.0,2,5.3,6.241061397932001,39985.11457222627,3.6845853430954048,1.0,1,0
110.62325468246476,2,1,1,1.0,4,7.0,3.8024754641711156,16859.612071882882,4.086729907595414,1.0,1,0
617.2965887144505,2,2,1,23.0,9,3.2,0.36747463099047556,14455.427495125423,5.664558750923196,1.0,2,1
415.47863882617963,1,2,1,7.0,2,6.3,11.749430055161204,17739.329650704658,3.820451895755773,1.0,1,0
74.89354741589102,1,1,0,5.0,3,5.4,7.466333614681665,27470.40734549989,3.583250273627935,1.0,1,0
68.30497990023905,1,2,1,12.0,4,0.3,0.5205112259635478,21642.81150777037,3.936989202918727,1.0,1,0
46.00379836849206,1,3,1,11.0,3,3.4,6.219354919676231,20506.838502990446,3.4174621540785823,1.0,1,0
74.21326003980444,1,1,1,3.0,2,1.0,1.042607177046096,32191.894107376527,3.7087927454495127,1.0,1,0
360.45385659451676,1,2,1,6.0,1,6.1,10.36938689610531,32874.687532922035,4.119090490060472,1.0,1,0
487.4997729076527,1,1,1,7.0,1,1.7,2.0196345229424777,7686.571238337635,3.4298777083732026,1.0,1,0
585.6756102330203,1,1,1,4.0,2,0.6,0.9794576669638438,10433.262935455039,3.5412745607917784,1.0,1,0
1427.1904290922164,1,3,1,6.0,1,4.7,6.045634201013674,12404.895207148504,4.00692010706334,1.0,1,0
110.46538621932326,1,1,1,4.0,2,1.6,2.241341239761139,36454.86974870584,4.01031769040975,1.0,1,0
127.89384977965418,1,1,1,9.0,2,9.4,10.555860653172026,22896.727000553194,3.804150535113491,1.0,1,0
346.92593116570765,1,3,1,13.0,3,6.9,10.804437565003424,12308.263499068495,4.038017053486394,1.0,2,0
1514.7429977380616,1,1,1,7.0,2,7.6,8.451884370688214,21984.446409678858,4.130685740418079,1.0,1,0
83.31165021939023,2,2,1,2.0,2,1.0,0.5950612473546791,15832.860133709717,3.979770146995802,1.0,1,0
38.70912343769796,1,3,1,20.0,2,0.0,0.027061051716409813,8062.530282757656,7.108771310602997,3.0,8,1
618.1931118596901,2,1,1,4.0,4,0.6,0.9345952927339121,11984.434983387882,4.231375598365524,1.0,1,0
536.7250202886669,1,1,1,3.0,2,4.9,3.8676930859250094,29850.87255616161,3.2403534749956,1.0,1,0
542.118663471941,1,2,1,6.0,2,9.8,12.748193429275933,32496.248080534606,3.8027609834379192,1.0,1,0
100.36710912842769,1,1,1,2.0,1,22.9,35.13736037085673,21438.570695857725,4.011146531866352,1.0,1,0
93.90741916794336,2,1,1,3.0,1,11.4,14.14564650889656,30751.36166880075,3.690036743756103,1.0,1,0
577.0011319640156,1,1,1,8.0,1,1.1,1.3544978211944902,34746.1729687361,3.7829816479326084,1.0,1,0
67.62296598311065,1,2,1,11.0,3,1.4,0.7649769851017416,2916.836356298832,5.897183923285635,5.0,1,1
127.27940910604366,1,1,1,5.0,1,3.5,2.3955619392949514,7251.561458322517,3.684873213187062,1.0,1,0
69.59108046213535,1,1,1,28.0,6,0.8,0.19981221038668787,17673.46718042685,6.273997061685193,3.0,1,1
71.00087525424169,1,1,1,42.0,4,1.5,1.0517020114828286,8654.143287560213,4.645231485786804,2.0,1,1
472.91749511829016,2,1,1,5.0,5,2.6,3.3872069371748545,52874.88453697086,3.7954196106720044,1.0,1,0
44.76491663801944,2,1,1,42.0,3,0.5,0.2515852865134323,7522.4944131939055,5.898093626677323,1.0,2,1
1481.9652304489618,2,1,1,7.0,1,3.5,4.968666921241018,10783.830811971342,3.7000508567186863,1.0,1,0
44.68132719562331,3,2,1,19.0,6,1.2,0.6471465001650077,15223.645118389359,6.964768814034608,2.0,1,1
68.4040811232282,1,1,1,3.0,1,9.1,13.146409143043126,17054.5939650366,3.7261278761652474,1.0,1,0
66.33106517459643,1,2,1,4.0,2,1.3,1.5056161031776358,17755.061687363497,3.460071770397599,1.0,1,0
748.2590707818514,1,1,1,5.0,1,0.6,0.6059441644143481,11592.819227382774,3.8967359007845093,1.0,2,0
69.13377381994093,1,1,1,4.0,3,0.6,0.605621267286025,9651.004320435846,4.325914038590003,1.0,1,0
51.19152373021103,1,1,1,4.0,1,7.5,7.919606619029297,24406.165214259014,3.334967509067067,1.0,1,0
145.8028850305381,1,1,1,3.0,2,0.4,0.24655633474152738,8964.232996501198,3.823913806598284,1.0,1,0
532.8460965821421,1,3,1,4.0,2,4.3,5.979953586020797,18266.198330031515,3.68747231725151,1.0,2,0
481.29809760136254,1,1,1,6.0,2,3.2,2.3101844563738188,19300.310475616006,4.590040039593211,1.0,1,0
585.7577152633742,1,1,1,4.0,1,6.7,6.61558790932946,17598.339422542464,3.566593176172126,1.0,1,0
183.50607529024595,1,1,1,4.0,1,5.2,5.45949358403339,2157.809154979773,2.9175459219750106,1.0,1,0
1611.694815795702,1,1,0,5.0,1,3.0,1.9570961586900435,9015.588160284658,4.106274787262472,1.0,1,0
116.74195961037303,2,1,1,5.0,2,0.3,0.30590642765255294,7223.258329186494,3.8282150225788967,1.0,1,0
91.1597946942929,1,1,1,22.0,2,1.9,2.859815582490653,12757.098676150283,3.971268779533571,1.0,1,0
56.938011334077125,1,1,1,3.0,6,2.3,1.7023458334056376,10486.057500556048,3.7025554809027246,1.0,1,0
57.54584386669577,1,1,1,4.0,1,3.2,2.83968958895662,11467.106088636108,3.57363677346883,1.0,1,0
83.54677625005536,1,2,1,19.0,5,0.6,0.11972884637177617,9907.031750278797,3.5405190508728284,1.0,2,1
662.4538611361837,1,1,1,25.0,5,4.1,2.0690048864397363,10574.539639376948,4.163676562425654,1.0,8,1
92.63227941768282,2,3,1,30.0,3,2.4,0.4557584170542669,1745.205944699845,5.1706348379419635,3.0,1,1
425.37544000854547,1,3,1,4.0,1,2.8,2.787598162974858,11672.760240950145,3.5054987788481102,1.0,1,0
1619.9078697392001,1,1,1,3.0,1,7.1,6.773469525049203,6366.2190005001785,4.274375599798933,1.0,1,0
1329.6110696954554,1,1,1,2.0,1,0.3,0.35774905941518753,8288.26917998303,3.8726841347818683,1.0,1,0
97.07783071144026,1,1,1,20.0,10,2.2,1.033261975027371,8474.722743333763,4.83737576390424,1.0,2,1
29.49681308302827,3,3,1,18.0,4,0.4,0.28497755361844757,5633.1512317564,5.24996200475783,2.0,1,1
1459.2497501190514,1,1,1,48.0,5,0.1,0.0295156409416914,2116.972778746945,6.5074616176428695,1.0,4,1
43.13845963867495,1,1,1,11.0,1,4.4,5.6576704693568916,20127.738560530248,3.4960186470911228,1.0,1,0
1278.5230975047061,1,1,1,4.0,3,2.4,3.65285710167752,18649.395698701806,3.972896766375439,1.0,1,0
130.835503843361,1,1,1,4.0,2,2.3,1.3613781832331244,2592.61421596759,3.8530079672488164,1.0,1,0
624.5083356127133,1,1,1,47.0,6,1.9,1.160410613181368,11592.728905898126,6.38538854732411,5.0,1,1
99.5745774506474,1,1,1,16.0,4,0.7,0.5917820118729185,18234.38267762155,3.7937164657813445,1.0,1,0
1184.966510326643,2,1,1,4.0,3,1.0,0.9935929952703886,16852.508028167795,4.746902108780471,1.0,1,0
523.1750681784238,1,1,1,8.0,3,0.2,0.12232191578971675,14657.77675137547,4.327951080039951,1.0,1,0
1483.6590593399656,1,1,1,2.0,2,5.8,6.307886139736599,33372.55053477264,3.9121363122616204,1.0,1,0
105.61948982062074,1,1,1,10.0,1,9.8,9.266212976488267,8342.042389911623,3.7326112574904853,1.0,1,0
73.08250990432919,1,1,1,17.0,1,14.9,19.306584741317796,15469.239674476652,4.382125295010027,1.0,1,0
137.64718900337093,1,1,1,1.0,4,10.1,7.626865179897944,5448.66666839266,4.005135331825783,1.0,1,0
109.65461170025026,1,1,1,2.0,2,0.7,0.5137844554893088,7201.135784625877,4.232273471515861,1.0,1,0
121.83641009122313,1,1,1,10.0,2,6.8,6.408155611087384,11896.73821288552,3.857277932796573,1.0,1,0
52.4989321098972,1,1,1,18.0,4,0.9,0.31092939949089343,11151.552390171182,5.624640767696459,2.0,4,1
133.00520928395542,1,2,1,7.0,4,4.8,8.930018401072317,15274.514350908967,3.5778163277309507,1.0,1,0
1294.4433802484434,1,2,1,9.0,4,4.7,3.5760593013789594,10202.536155107495,3.5705763672126363,1.0,1,0
128.44267710707584,1,2,1,9.0,1,14.2,8.542242876109226,16713.998659256544,4.128509721654579,1.0,1,0
575.7253597584249,1,1,1,1.0,4,19.7,19.505177134198792,13881.21501407965,4.09728424169472,1.0,1,0
82.03810679469517,1,2,1,2.0,2,13.2,15.51488775403113,18028.994662578036,3.854415729965455,1.0,2,0
563.5542794229705,1,2,1,2.0,2,0.6,0.8753333512119842,7304.285218562019,4.3619400993799395,1.0,1,0
1483.6185911881196,1,2,1,8.0,1,0.8,0.7930909623846157,6693.700525318415,3.9850799510180344,1.0,1,0
556.2862859117898,1,1,1,8.0,2,0.3,0.2934219563340493,12736.910457273705,3.4878177856508925,1.0,1,0
90.6589774835748,1,3,1,8.0,3,2.3,2.942192839664527,20678.00718613597,4.4898627331092404,1.0,1,0
811.6211176646474,1,2,1,28.0,7,1.7,0.38227964141029724,4056.3464259241655,6.086672267402227,1.0,2,1
150.19178178338933,1,1,1,4.0,1,6.4,5.486261776218231,15272.62779324771,3.4536639099897086,1.0,1,0
53.55945236029838,1,1,1,1.0,1,3.7,5.465437887514602,3486.217680514154,4.585179156760903,1.0,1,0
132.7225182255465,1,1,1,6.0,1,4.7,4.112493905683788,16286.458789447202,4.042558975337659,1.0,1,0
147.23552413882402,1,1,1,4.0,3,7.1,6.965441369929175,18167.191080083077,3.68561847744083,1.0,1,0
40.04486165037606,1,1,1,3.0,1,12.5,8.904953691752054,13988.943031294384,4.321145239649772,1.0,1,0
125.78853100993744,1,2,1,3.0,2,1.0,1.3379346160697154,18048.15848822928,4.070582187070739,1.0,1,0
85.85811642032584,1,1,1,10.0,4,4.4,4.043926482668761,9793.035611399288,4.14712518536146,1.0,1,0
496.4974188940655,1,1,1,3.0,4,16.2,20.021486226959023,21972.637216796884,3.662133128622924,1.0,1,0
51.44901936313717,1,2,1,24.0,1,0.2,0.1346971408844317,7454.165746700589,4.2696845469203595,1.0,4,1
1578.168234164913,1,2,1,19.0,5,0.6,0.3026429824439585,6568.617488565082,6.123290316127303,1.0,2,1
75.34045886309679,1,1,1,10.0,3,2.5,1.8192968838592076,26626.795794820384,3.7622420026692938,1.0,1,0
62.65167189290292,1,1,1,3.0,1,8.3,11.81168513300146,28478.22128686186,3.5362203486957426,1.0,2,0
55.848375460724625,1,2,1,30.0,3,4.7,0.9844343060735294,12920.30696162533,5.411491685728419,1.0,4,1
1412.1994432191996,1,1,1,10.0,1,3.6,4.5621786176714565,28538.938064404323,4.239275179213614,1.0,2,0
88.20732597074627,1,3,0,29.0,8,0.4,0.10921769256036877,7180.294514899676,6.226110476994461,3.0,4,1
93.55549605535165,1,2,1,4.0,3,2.3,2.3238815479322614,8324.115090131232,3.2213174240236278,1.0,1,0
543.5416194928116,1,1,1,7.0,1,3.3,2.9395078843445943,19926.705987348756,3.9722218272394865,1.0,1,0
1418.7766742588824,1,1,1,4.0,1,11.5,13.881513774985986,22344.18155314517,4.778199977759909,1.0,1,0
59.09234672460202,2,2,1,13.0,9,1.3,0.9126594481858181,16103.03827553265,5.515724790077747,2.0,4,1
1233.3675191579657,1,3,1,7.0,3,0.7,0.8361314029176751,30083.112747883064,4.127433059822907,1.0,1,0
107.9811332762713,1,1,0,5.0,2,1.9,2.1910856156567324,16549.783557006893,3.5619411860861585,1.0,1,0
1524.122472971594,2,3,1,27.0,9,0.6,0.1790935319139955,1766.7034264902704,4.913017553179666,2.0,2,1
46.65673051348106,1,1,1,3.0,3,7.0,4.008238525890406,12659.465377116117,3.1281446339484544,1.0,1,0
485.9283644524105,1,1,1,2.0,2,1.0,0.5811610483262037,13473.870674636923,4.296935632922865,1.0,1,0
36.187339924125325,1,2,0,23.0,6,0.8,0.1477698568021943,14420.993447531042,6.1202930667565845,2.0,2,1
65.13046406118937,1,1,1,3.0,2,10.6,12.170687203808594,34145.437924716585,3.8957125358609885,1.0,1,0
77.63835094556643,2,1,1,5.0,2,13.1,10.196078941399481,24233.739879890145,3.9108567447245224,1.0,1,0
133.71426867363527,1,2,1,6.0,2,1.2,1.644323461797354,13052.310747120675,3.342716862015043,1.0,1,0
73.5139259461817,1,1,1,3.0,2,10.8,9.174614815328848,9566.280332417773,3.9537413967809303,1.0,1,0
1592.5830120094572,1,1,1,24.0,5,1.7,0.37891959813818943,6164.119947423044,6.3397071210468745,5.0,4,1
81.22344978392482,1,2,1,15.0,5,1.6,1.427422498194456,24324.66458417592,5.2925940075868185,1.0,2,1
552.7127363815092,1,2,1,2.0,2,8.5,12.107555855744177,4226.925804770073,3.6237776682942373,1.0,1,0
29.478858894611466,1,3,1,31.0,5,0.5,0.26336775516253885,7943.066361011664,5.765782779060127,1.0,2,1
1420.5258102899945,2,1,1,5.0,1,4.5,2.6712718735502277,21506.946893660424,3.8604370819876417,1.0,1,0
69.20730215531891,1,1,1,5.0,1,6.8,10.275761720516984,25568.710596240828,3.93206064677204,1.0,1,0
1410.1607673570716,1,1,1,29.0,6,2.1,0.9429423819966435,4064.087085438202,6.344030139539653,1.0,1,1
1237.4391339136348,1,1,1,4.0,1,5.0,6.247963720196506,4832.589400542322,3.7840874737585017,1.0,1,0
118.8492606345714,1,1,1,5.0,2,7.5,8.836161128996425,22287.672099645824,3.6502587484913103,1.0,1,0
382.65510815537226,1,1,1,2.0,3,2.2,1.623600246041817,5504.813179035841,3.562850586599038,1.0,1,0
61.23866738120298,1,1,1,5.0,1,0.1,0.19298174371291657,15080.532217129128,2.88620709791338,1.0,1,0
72.35619243774569,2,2,1,2.0,2,4.2,4.267302385919047,2087.7093726602793,4.023885013762289,1.0,1,0
153.92964241000195,2,1,1,3.0,1,7.9,7.18621990656951,10466.763822617797,4.300576860487427,1.0,1,0
140.50812351229226,2,1,1,4.0,2,29.1,27.429910975844965,6006.317351514033,3.9472870804688043,1.0,1,0
111.65738581978901,1,1,1,5.0,4,0.5,0.5320898460410254,2765.163804514201,3.1715998688825557,1.0,2,0
78.02023500483992,1,1,1,36.0,3,0.3,0.10551585187754753,2570.266591304741,5.912413378129737,3.0,1,1
489.5173370332325,1,1,1,4.0,1,1.5,2.1684974624751803,19573.021458054704,3.909695415005959,1.0,1,0
75.76788765775642,1,2,1,8.0,6,2.9,2.408181942538142,12690.637079964532,3.6067987635128973,1.0,1,0
1464.0122747831037,1,3,1,48.0,1,1.4,0.7401980494418949,2437.1870591296433,5.594480366712134,5.0,8,1
1494.2629678695175,1,1,1,10.0,2,0.9,0.6563311131400488,11398.057510683364,3.3263586461207013,1.0,1,0
1543.2050344999657,1,2,0,36.0,7,0.5,0.07727844392073298,5789.857834081278,4.733860474784953,3.0,8,1
144.03143575678916,1,2,1,5.0,4,17.3,11.36122039461333,38198.81066881112,4.2741175691159885,1.0,1,0
36.42549468895216,1,3,1,52.0,4,0.3,0.17324547840779253,510.5546284991159,5.850177174119494,1.0,2,1
117.61589670655462,1,1,1,5.0,1,7.8,6.843431125695039,29816.25427632922,3.494424728891617,1.0,1,0
825.9537980367902,1,2,1,32.0,7,0.6,0.42777210292643975,8384.92874825896,4.222896604868171,1.0,1,1
757.2399871313241,3,3,1,38.0,4,1.0,0.14193804730813478,5119.246780737105,5.034042824409434,5.0,1,1
1362.9938329759132,1,1,1,18.0,11,0.3,0.07812964124149298,1666.3364996382281,4.9702130615826805,2.0,2,1
73.47419887907205,1,1,1,3.0,1,9.6,5.262412641785055,24047.591491584888,3.939784327973018,1.0,1,0
72.03524867543807,1,3,1,28.0,4,0.3,0.09325799183428196,3822.1257216387417,5.590413929743289,1.0,2,1
1130.4191757399842,1,1,1,5.0,4,7.2,4.460702363281483,26750.93165058002,3.6118853779973352,1.0,1,0
55.279162782757766,1,1,1,2.0,5,3.3,2.652268928523989,21844.77336594308,3.779085840051239,1.0,1,0
499.76690231525896,1,2,1,4.0,1,0.5,0.9032029889442826,7347.098638534836,4.24980519564502,1.0,1,0
778.1176856609254,1,1,1,38.0,5,0.1,0.018205944356410396,1970.118885594108,5.8451628367792745,1.0,8,1
51.82020069121831,1,1,1,14.0,7,1.5,0.7826965787342424,3098.2241629173914,5.810078139247173,1.0,4,1
106.05125458160119,2,1,1,18.0,7,3.2,1.933499338623238,14096.186018578792,4.607093314093391,1.0,1,1
559.6826468031423,1,2,1,12.0,3,6.8,10.275724674247043,9422.627427546306,3.819323757219849,1.0,1,0
91.49408626524736,1,1,1,2.0,1,5.5,8.008334341847887,9060.807829916856,3.7435288272359712,1.0,1,0
594.3820533263056,1,2,1,3.0,1,8.1,5.3713379044112886,22673.703229026098,3.931254861141994,1.0,1,0
90.2312710131639,1,3,1,4.0,2,3.8,4.319275904683709,41016.14241921497,3.7891872056290747,1.0,1,0
68.41533871749589,1,1,1,3.0,3,3.0,3.2308464538558646,23846.454266664485,3.5532924990826307,1.0,1,0
525.3985199080855,1,1,1,9.0,1,3.4,7.369753525371673,22362.962265772705,4.003556276246379,1.0,1,0
1599.846222441871,1,1,1,7.0,2,0.8,1.0651633968569831,11422.386458635272,3.856804213999158,1.0,2,0
153.85691468483336,1,1,1,3.0,4,4.7,5.036250104946485,18980.604197332705,3.7221570000972823,1.0,1,0
55.7364236232811,1,1,1,4.0,3,1.2,0.8581451483696019,22987.4511937575,3.537681604546619,1.0,1,0
1581.919653076058,2,1,1,5.0,1,0.2,0.22798586001735588,19707.52757000489,4.235623008617975,1.0,1,0
544.4443035523508,1,1,1,5.0,3,0.5,0.5750087558808854,7430.396014517048,3.5898831299468097,1.0,1,0
55.99558372178805,1,1,1,8.0,3,1.1,1.3341008703933346,9234.987548939886,3.425591720337883,1.0,1,0
1413.995322232185,1,3,1,9.0,3,8.4,5.590778045125542,36726.85781493629,3.8561748941847878,1.0,1,0
114.0236183453928,2,1,1,4.0,2,2.2,2.4073647605620847,15499.55162908794,4.385070906343016,1.0,1,0
907.5389004905516,2,3,1,27.0,2,1.6,0.3475605863610222,6285.915183613533,6.200579450092071,1.0,2,1
413.5165718884897,2,1,1,7.0,3,13.7,11.829737651396593,19272.591140354918,3.8327170520367844,1.0,1,0
1611.6384677580875,1,1,1,3.0,4,2.3,1.8615634134004932,18553.647493235723,3.605254949574142,1.0,1,0
146.05740025195487,1,1,1,9.0,1,3.1,1.9942233278338364,12630.291437040558,4.548723589298162,1.0,1,0
112.92534976482253,2,1,1,7.0,2,10.2,18.203158551433756,10286.932691557175,4.1715669721490105,1.0,1,0
104.98994051338472,1,1,1,4.0,6,3.4,4.540661210866128,7537.038100653231,3.5632492151311324,1.0,1,0
440.23314705672027,2,3,1,3.0,1,8.3,12.759378395076585,8351.637603303532,3.9043459704053918,1.0,1,0
120.65415904922878,1,3,1,4.0,1,3.4,3.432911805387455,4167.334302147754,3.994647702658202,1.0,1,0
38.91346262422529,1,1,1,21.0,1,2.6,2.1991116033663536,10821.231384906376,4.23060482849874,1.0,1,0
131.85457436374844,1,1,1,3.0,3,14.6,15.44629048380087,12400.17436604841,3.8958785481923504,1.0,1,0
663.7993262525923,1,1,0,10.0,7,0.5,0.1759924473198769,3104.2114738893765,5.925579006854297,1.0,4,1
51.081997043448084,1,2,1,5.0,1,1.2,0.9189244596704458,16188.95481629532,4.084462376728432,1.0,1,0
1432.3662341371519,2,1,1,4.0,3,8.9,6.713796123568586,23443.652629525925,4.201947255489601,1.0,1,0
90.39070912260429,2,1,1,31.0,5,1.6,0.449414090915449,9074.58948472587,5.654681109055472,5.0,1,1
55.15861328528572,1,1,1,5.0,1,6.0,4.656626046251234,60666.93760030619,3.5133697365589107,1.0,1,0
73.01948748224817,1,1,1,8.0,3,9.2,7.035309763205305,27380.001656229215,4.534890028924334,1.0,2,0
120.11689645070071,1,2,1,6.0,4,5.6,6.992558771250938,18750.46064005734,3.9980615674856295,1.0,1,0
57.45251129063943,1,1,1,31.0,7,1.4,0.206987811513086,10293.392186661875,5.118084275668782,2.0,4,1
566.6639494114409,1,1,1,4.0,2,7.5,9.17423171771994,11229.828012735154,3.072897513290037,1.0,1,0
1039.6394388570443,1,1,1,23.0,4,0.9,0.13410355248157252,8625.974015262535,5.55946052643517,5.0,4,1
528.2201593125847,1,1,1,7.0,2,3.3,3.2356036576094267,14556.521869279173,3.85769796293038,1.0,1,0
63.28287644175458,1,1,1,7.0,2,4.8,2.865789804312806,18911.444939980076,3.679903414551289,1.0,1,0
47.649879295699954,1,1,1,3.0,1,2.1,2.7236081107924655,32117.54380598155,3.6143440692824838,1.0,1,0
150.5025861159211,1,1,1,3.0,2,6.1,6.802333824645141,15531.568002523141,3.7832745191170662,1.0,1,0
498.1132066362583,1,2,1,4.0,3,6.3,13.042990396701816,26718.615133961892,3.6893299838173577,1.0,1,0
54.63774811435821,1,3,1,6.0,3,0.7,0.41318582722196756,33057.111551919355,3.666407430941232,1.0,1,0
1201.1885262892567,1,1,1,12.0,1,0.2,0.14125794342419548,5444.786638071713,3.0727200236222747,1.0,1,0
55.426816083651794,2,1,1,14.0,5,0.2,0.054374564214520665,6051.4227986846445,5.714650850148293,3.0,1,1
47.520932595715564,1,3,1,40.0,4,1.1,0.21422165803249124,8527.181530915033,5.587218060492253,1.0,2,1
54.74028864698147,1,1,1,9.0,2,2.3,2.4229837602168676,23542.6228745367,3.6692483759610166,1.0,2,0
158.60347719223054,1,1,1,6.0,2,10.0,5.746483315390093,9580.4143324526,2.876101737371394,1.0,1,0
98.07271723997272,1,2,1,7.0,3,2.3,3.689682381048651,19569.6634150885,4.067956876570149,1.0,1,0
58.66505057991431,1,2,1,4.0,2,4.8,5.012212697318848,12377.903746238824,3.6643746388974563,1.0,1,0
1543.3994486059157,1,3,0,21.0,6,0.0,0.0103577253830005,17349.657770112437,5.025415325682871,5.0,1,1
154.832572718418,1,1,1,4.0,1,34.7,28.8073433452599,21532.26416439011,4.236010623230149,1.0,1,0
47.563981396963456,1,2,0,31.0,2,0.5,0.2950446390007652,4999.177341611699,6.545851003974399,1.0,1,1
60.72416273474778,1,1,1,4.0,5,15.9,16.975000281074003,20501.858087901317,3.3478374747754898,1.0,1,0
60.17146549676071,1,2,1,21.0,3,1.8,1.36096172783574,14959.017835203105,5.794393426329382,3.0,1,1
1174.9063437735272,2,1,1,5.0,2,7.6,6.372872587626076,25122.383113541007,3.8743473625638774,1.0,1,0
67.62919327001518,1,2,1,3.0,2,3.1,3.820218773446469,16642.23970244268,3.80780624795628,1.0,1,0
58.82011925137648,1,1,1,29.0,5,1.1,0.2689421947987969,11279.582846327114,6.188651202944886,1.0,4,1
88.37213246778146,1,1,1,17.0,2,2.9,1.122788146954454,13730.065627991202,5.637252212381261,2.0,1,1
1099.2446509698025,2,1,1,14.0,3,0.8,0.68126477179271,2776.945329185345,3.3079101624398044,1.0,1,0
1255.1744169913718,1,1,1,3.0,1,6.3,7.653764321597613,28996.219729895613,3.660271227987799,1.0,1,0
47.95523105491873,2,1,1,6.0,3,2.6,3.62235250266942,5162.635091312209,3.78846890176413,1.0,1,0
517.0969151789968,1,1,1,5.0,4,0.3,0.17090955219692816,16941.907103082,3.902572212705343,1.0,1,0
112.83516918460964,1,3,1,16.0,2,1.9,2.56666734287783,4358.181391890714,3.4787291971388314,1.0,2,0
48.90151432477992,1,2,1,22.0,5,3.0,1.7983997597580563,2093.1091699874582,4.699119424086213,1.0,1,1
52.858852589848794,1,3,1,7.0,1,0.2,0.29270389890232285,25998.18034055425,4.225004630278094,1.0,1,0
521.5077505012257,1,2,0,3.0,2,5.2,5.867936930985126,10342.707442233592,3.924570902127566,1.0,1,0
90.29973840852097,2,2,1,19.0,8,0.0,0.022217774070894786,6387.800578005699,6.549499727937917,3.0,4,1
106.276929337038,1,1,0,4.0,2,0.1,0.12635631242321016,24778.1022335238,3.5586158922490205,1.0,1,0
65.20109347650238,1,1,1,16.0,3,0.7,0.2780153601490887,767.7986828754504,5.556023569002915,3.0,1,1
1325.1434333710902,1,2,1,2.0,4,11.4,11.443896591559419,4752.42424430542,4.23033632349258,1.0,1,0
80.3521578443291,1,1,1,3.0,3,10.1,11.45936618821718,2703.0207812787376,3.9339498550828926,1.0,1,0
495.3673704821301,2,1,1,6.0,3,1.1,1.490212074885819,15629.153919488734,3.8727361513801384,1.0,1,0
124.55665337576842,1,1,1,7.0,2,1.1,1.5143923903603866,11867.659719204212,3.413995339607037,1.0,1,0
407.41017263976056,1,1,1,4.0,2,0.3,0.40952344302551935,3262.845092889807,3.066705268022658,1.0,1,0
711.2831114047231,1,2,1,15.0,2,0.6,0.13642740326568917,3578.992399881603,4.206973964555634,2.0,1,1
114.69740183860614,1,1,1,16.0,1,3.0,2.340656129342523,1393.127219899078,4.771449401092726,1.0,1,0
614.1443929853363,1,1,1,5.0,1,0.3,0.2260895809181321,29970.608501458235,3.3337461979077316,1.0,1,0
84.15469156875912,1,3,1,3.0,2,0.1,0.08838613668306505,27772.90884783087,3.656893508565859,1.0,2,0
47.78567377883437,1,2,1,65.0,1,1.0,0.453579105935239,14635.48763715116,6.137537811671014,2.0,2,1
516.7254064693498,2,3,1,4.0,2,7.2,6.093271440714179,68371.02727393247,3.5801585797544786,1.0,1,0
149.92651826561618,1,1,1,4.0,1,9.4,7.713859851028255,5861.220480990645,4.595487763080672,1.0,1,0
149.38253485925298,1,1,1,3.0,1,13.0,18.540532412891057,5855.452771560887,3.4111025955883,1.0,1,0
573.9553430356189,1,1,1,4.0,1,2.0,2.7821431736321967,20205.663157306106,3.9652973916758953,1.0,1,0
1790.5213945221215,1,2,1,3.0,1,1.2,1.9716369651020806,10555.717959436739,3.8854101806906285,1.0,2,0
709.0946886703653,1,1,1,27.0,6,3.6,1.876821921653386,19739.652223927143,6.3614056980907465,1.0,1,1
83.63254706364053,1,3,0,32.0,11,0.7,0.49048723720392695,16955.23671138218,6.903822561595505,1.0,2,1
89.34923378558796,2,2,1,14.0,7,0.2,0.028104240263775095,5666.3728189291005,5.949101889091335,2.0,1,1
494.8485160723554,1,1,1,5.0,4,2.0,1.8144776074211293,29992.706740853617,4.307869459329936,1.0,1,0
64.39741838584105,1,2,1,2.0,3,1.4,1.050261391350567,13920.39688769052,3.7353522146697804,1.0,2,0
1433.9877559361337,1,2,1,3.0,2,32.2,33.83371387448426,37157.49997485033,3.518374812212314,1.0,1,0
1264.8753634880163,1,1,1,2.0,1,9.3,9.903106110017333,13191.499329457036,4.147201930195163,1.0,1,0
1449.5209363819934,1,2,1,7.0,1,4.0,2.5940432507666773,25152.52499402579,4.605636650148874,1.0,2,0
69.1462390337167,1,2,1,3.0,1,4.3,4.152806699966674,22299.769312572425,4.321351656835765,1.0,1,0
57.61557844031537,3,1,1,29.0,4,1.3,1.041440457220099,1843.611707200418,4.692944947311982,1.0,4,1
45.56522518133591,1,2,0,12.0,6,0.9,0.6038395298637766,2990.442300617646,6.297157767636216,2.0,2,1
1185.972143823554,1,1,1,19.0,4,8.2,10.411431472514604,27125.14411795702,4.418510923640163,1.0,1,0
98.90672512877093,1,1,1,5.0,1,3.3,2.4309733213793296,23396.99325366539,4.1328009351248145,1.0,1,0
56.17179524486999,1,2,1,2.0,2,8.2,5.141529534487704,4119.662795337111,3.7912204173178052,1.0,1,0
53.28835614258274,2,1,1,5.0,4,3.9,6.032313263714495,24544.84981026723,3.4574938884909,1.0,2,0
141.36359620832667,1,2,1,10.0,1,0.5,0.7941922873027359,8338.947353918018,3.262064135893473,1.0,2,0
865.0242355263356,1,1,1,10.0,5,1.2,1.1895771887822093,10233.764033772924,5.885652501091376,1.0,2,1
1502.4586943213576,1,3,1,18.0,5,3.0,2.1543486556138376,6402.903546531839,5.058257465907534,2.0,4,1
140.19871111770226,1,1,1,8.0,4,3.1,2.320778027532632,15314.982177023023,4.417046533723031,1.0,1,0
620.7735777243776,1,2,1,3.0,1,0.9,0.6214820967469369,25204.998876551745,3.993606175152163,1.0,1,0
499.51977383997666,1,1,1,2.0,3,1.5,1.990457660956536,13942.461218112054,3.7104477354846748,1.0,1,0
118.22922445208646,1,2,1,10.0,3,2.9,2.8730029888439486,7790.288423253777,4.13225707322926,1.0,2,0
1471.843667504357,1,2,1,32.0,4,1.9,0.5295534392562937,15087.597854884303,5.222819967265366,5.0,4,1
70.85641325642985,1,1,1,19.0,5,0.6,0.3635238775257894,14046.745700262582,5.287108680173726,2.0,2,1
101.21868690177968,1,1,1,4.0,3,13.8,15.78185489731743,7573.0648148256105,3.968272341160287,1.0,1,0
53.251257992078415,1,1,1,4.0,2,1.2,1.028880098372195,27142.409854813763,3.9155270384062404,1.0,1,0
81.4547069011802,2,3,1,24.0,4,0.7,0.18673452021891643,7798.925378454472,5.341397844034297,3.0,1,1
1811.2019344936787,1,1,1,6.0,2,5.6,6.1562430899727705,35846.48107900063,4.0133369472728475,1.0,1,0
1340.4000737256179,1,2,1,11.0,8,1.0,0.2395335499734285,4397.136890402051,5.406394003121377,1.0,2,1
96.4082286568848,1,1,1,8.0,6,2.6,6.261989286430636,32612.88608703015,3.67485915343927,1.0,1,0
50.216104052106935,1,2,1,14.0,8,0.0,0.03270210520276115,5647.665994885775,4.313856466408273,5.0,1,1
128.17995889934676,1,1,1,6.0,1,2.4,1.8077787886490413,13799.690963915267,3.6328436637759554,1.0,1,0
110.7189009808608,1,1,1,8.0,3,6.0,9.863427427768936,30523.584935693878,4.205544696182355,1.0,1,0
77.25719548466186,1,1,0,15.0,4,1.5,0.22113334248234323,11179.000509971913,3.2589081255339742,3.0,1,1
112.02373053800196,1,1,1,6.0,2,0.7,0.4226007893735438,7093.367418415866,3.763529571189262,1.0,2,0
27.85780542160236,2,1,1,27.0,7,6.9,3.1617660318559526,11583.77898013081,4.60614704300996,1.0,2,1
1615.272595974679,1,1,0,26.0,5,0.6,0.12406898452170467,17378.141933655268,5.815397203975781,3.0,8,1
1189.04312994891,1,1,1,8.0,1,0.4,0.5338130522837689,8709.463812034639,3.180373271784131,1.0,1,0
134.85438401485294,1,1,1,5.0,1,5.2,2.9563540572598357,15874.667571377862,3.476410342814112,1.0,1,0
77.07136783005335,1,1,1,12.0,4,1.1,0.4006226892307244,2423.9389536431004,6.10194931995001,2.0,2,1
1461.9135001844404,1,2,1,47.0,5,0.4,0.22310239526559786,3482.4849540615783,5.582356344903445,5.0,1,1
121.78742324459623,2,2,1,3.0,1,1.0,1.1712026015253523,48514.23931472756,3.2737735562601133,1.0,1,0
139.51644299041214,1,1,1,8.0,1,1.6,1.8397492582719523,18820.49176293407,3.1468376788021395,1.0,1,0
797.4830541323745,1,1,0,17.0,6,3.1,1.2977319023764675,10576.965236499467,6.570950980119097,1.0,2,1
333.20598983156987,1,1,1,2.0,1,17.4,22.468880535217895,16662.620034251566,3.4827021174519244,1.0,1,0
133.14552054612196,1,1,1,6.0,1,5.6,5.734015081192085,11217.377389144454,2.9214589200751075,1.0,1,0
111.60492625421091,1,1,1,3.0,2,3.3,4.36048571558719,19782.368417707366,3.6850998517247384,1.0,1,0
501.48616618725555,1,1,1,2.0,1,2.6,2.248795128438329,24476.892675358984,3.832852151554418,1.0,1,0
149.7120815569783,1,3,1,6.0,1,3.7,4.084284129936554,16315.856212346576,3.894431563784113,1.0,1,0
1711.438938416884,1,2,0,17.0,2,7.3,3.120459015011969,931.8664248799288,4.968723868001386,2.0,1,1
1588.9788438755425,1,1,1,3.0,1,0.6,0.505481864665852,16557.239747982414,4.181789419120753,1.0,1,0
99.47214009283906,1,1,1,7.0,1,4.7,3.161100388395828,41862.20385357954,3.8097208233871025,1.0,1,0
73.2623855797024,1,1,1,5.0,1,7.2,10.138745798953883,12637.052229474019,3.89526450489121,1.0,1,0
1141.2888731862295,1,1,1,4.0,1,1.6,1.7226488995803892,32393.809058938303,3.8789053502054007,1.0,1,0
56.69610623850614,1,2,1,4.0,1,1.0,1.3440070698277822,29962.53134245398,3.7260116932846423,1.0,2,0
175.56108144670998,1,1,1,2.0,2,1.3,0.9835868546190818,22572.673867980007,3.542044408765042,1.0,1,0
45.49516700422795,1,2,1,22.0,5,2.0,0.9709790484036824,7932.6486086254745,3.9751701020177244,2.0,1,1
97.2712514484486,2,3,1,23.0,6,0.1,0.00956771009035575,9419.092824062545,6.259997051619626,1.0,2,1
143.8891993498243,1,3,1,8.0,3,2.9,2.9223261852333495,22272.943019745155,3.9061089972892393,1.0,1,0
14.729348956381859,2,1,1,18.0,6,2.2,0.8735868051081911,2664.2612205292708,5.60607141812413,1.0,2,1
1412.4963212346058,1,2,1,28.0,3,0.2,0.0446713364789087,10140.236969170252,6.096977469312912,1.0,8,1
54.28548025952706,1,1,1,2.0,1,4.9,3.526239947165091,16506.52621738208,3.234106223145261,1.0,1,0
27.469185778070013,1,1,1,18.0,8,0.1,0.08566794632367014,10288.357310515494,5.0653663735629655,1.0,2,1
19.056407279987546,1,1,1,24.0,6,3.5,1.5904591873214025,4978.227739939835,4.307284046201418,2.0,2,1
103.82594780060538,1,2,1,2.0,3,7.1,9.831878214706498,14887.80706491186,4.37593869539689,1.0,1,0
68.55257055569676,1,1,0,2.0,4,5.3,4.180726749808297,34059.109136501575,3.914652071225474,1.0,1,0
595.3039717550005,1,2,1,5.0,1,0.4,0.2749898936997193,2554.1255216925456,3.9606858743689215,1.0,1,0
91.04554611154242,1,1,1,8.0,1,6.5,4.287609928345469,36738.100275129524,4.169996619431483,1.0,1,0
59.15701311369159,1,1,1,19.0,4,2.3,0.7236216160225187,3185.002377055424,6.212304644895266,5.0,4,1
69.91659946275891,1,1,1,8.0,1,2.1,2.835308782310498,11365.950050941985,3.7832452433397443,1.0,1,0
100.30578796433703,1,2,1,47.0,5,0.5,0.07844945118114614,6168.340612446422,6.289477926122562,1.0,2,1
51.97220211453403,1,1,1,7.0,3,5.1,6.414481839852715,16723.60944976777,3.8707017723443755,1.0,1,0
363.38755221148233,1,3,1,6.0,3,12.8,16.097312450593254,10062.147670273534,4.29806406308609,1.0,2,0
66.73591707739675,1,1,1,8.0,4,1.9,1.42720776883897,11560.734594499236,3.616209756838646,1.0,1,0
441.97790086930297,1,1,1,2.0,2,9.9,5.208533227414509,8304.084537614726,3.490751348453878,1.0,1,0
59.08788153848119,1,2,1,29.0,3,1.7,0.8338688829894088,6912.906869826841,6.713250830085386,2.0,2,1
29.355255716094604,2,3,1,26.0,6,2.3,0.6555519591900426,5638.057462925362,5.937844687276596,3.0,4,1
578.7539452677139,2,2,1,4.0,1,2.4,3.1078891550215277,11934.905751953764,3.5961873582261172,1.0,1,0
1371.1337040161504,2,1,1,18.0,6,0.8,0.5589850662872871,8448.574633629352,5.128277990046486,2.0,2,1
1338.9024578474487,1,2,1,40.0,5,2.8,1.036906690043871,20261.35646180276,6.410095071385801,2.0,1,1
435.30923404013043,1,1,1,2.0,1,2.3,4.3654041299914335,9615.783442076592,3.8051071191833183,1.0,1,0
39.11856364166626,3,1,1,30.0,5,1.8,0.5709282808719148,9646.874378399569,7.257010479985995,5.0,4,1
116.10810789734445,1,1,1,3.0,4,7.0,10.251265927330216,15022.234791654637,3.7690313794915404,1.0,1,0
395.55740673808185,1,1,1,2.0,2,23.8,21.42589405557525,5652.945333897135,3.63979005552006,1.0,1,0
59.19902822587528,1,1,1,2.0,5,4.5,3.9390569541867966,37962.505579971905,4.119869150765055,1.0,1,0
484.34811231788797,1,1,1,6.0,3,7.8,7.139352210947853,52968.99064744972,3.7285429562807244,1.0,1,0
1445.890250844873,1,2,1,3.0,3,6.7,11.327328261566693,27328.23775520279,3.0920021804266025,1.0,1,0
50.04468713311859,1,3,1,17.0,4,1.3,0.6244061303452774,19272.50998676538,5.331203462591958,2.0,1,1
52.70171415482955,1,2,0,12.0,2,2.0,2.0483680550028622,34311.03250813237,4.3495147493122035,1.0,1,0
1757.7094550177794,2,1,1,45.0,7,0.2,0.1447828673990148,2048.1319533791075,4.722461318039443,3.0,1,1
900.7267711488291,1,3,1,22.0,5,0.4,0.11306930635249637,10544.092013119882,5.572422630689328,3.0,2,1
25.110533153176082,1,2,1,25.0,4,0.4,0.2728392062711885,2982.3006898023987,3.427465810009067,1.0,1,1
140.3772357657495,1,2,1,6.0,1,4.3,5.0798470040881645,9456.205429542637,4.021049769730585,1.0,1,0
108.19164972500005,1,3,1,8.0,6,0.1,0.09003764626666388,5909.505427519858,5.330951347445046,1.0,1,1
68.29195403182871,1,1,1,12.0,3,3.4,2.3704645792429644,9318.594788097585,3.964269877387625,1.0,1,0
1281.9345006759304,1,3,1,8.0,3,2.1,2.1490266677074787,32049.568527456802,4.050211017637985,1.0,1,0
55.229964335973804,1,2,1,5.0,3,1.8,2.536885568076574,10982.257648684768,4.016322303214711,1.0,1,0
1353.889617762482,1,1,1,3.0,1,10.5,13.964195598424817,8910.650398832877,3.075954773587529,1.0,1,0
1333.4724224388008,1,2,1,3.0,2,9.0,12.687336300240027,7932.953938830297,4.686143105656251,1.0,1,0
528.5960812663672,1,1,1,3.0,1,0.6,0.5986778760707789,64280.58953264744,3.8816226110506684,1.0,1,0
1644.651738199292,1,1,1,5.0,2,3.6,3.316753229658975,28011.261054601287,3.6890778886771773,1.0,1,0
72.46097836959942,2,1,1,4.0,1,20.0,23.068988063056956,22935.074532518025,3.5539506637485796,1.0,1,0
484.7659425444044,1,3,1,9.0,3,4.5,4.279010059956463,26915.028761620317,4.25089553665003,1.0,1,0
36.9441230516616,1,1,1,17.0,3,1.0,0.6061046566558361,6020.290549659356,6.332106060555472,5.0,4,1
107.09031466143665,1,1,1,5.0,1,2.1,1.8988859068685706,28564.860829761954,4.069381866987929,1.0,2,0
77.84158211561791,2,1,1,15.0,8,0.8,0.42933247871778996,14906.19159615541,5.293757132113582,1.0,8,1
1670.6774021923695,1,1,1,3.0,2,1.3,0.8148559175452535,25709.198797617104,3.4324497163199954,1.0,1,0
150.17423674609736,1,1,1,2.0,2,25.6,20.693161892245666,22005.006630386102,3.9298130073671937,1.0,1,0
56.82425634628528,2,1,1,32.0,6,0.6,0.2791988103665021,3789.1379578637643,4.721567888524799,1.0,1,1
498.3418231104736,2,1,1,3.0,3,2.2,2.4746422163185113,23503.23554038506,3.7452441232131783,1.0,1,0
402.383575117303,1,3,0,2.0,1,4.3,4.991206869568446,28376.66136514052,4.364089143247003,1.0,1,0
50.646433230195974,1,1,1,18.0,4,0.9,0.39502857265325975,1839.9076972783791,6.5426959314303,2.0,2,1
84.71598877667502,1,1,1,12.0,1,8.2,10.004566815862972,16760.4148742251,3.4265982385697646,1.0,1,0
502.556662623026,1,1,1,6.0,1,5.0,9.510299396609897,5781.52850150362,3.7286308130285746,1.0,1,0
62.47720472593662,2,2,1,16.0,11,3.1,2.3939209633182834,31148.80678443342,4.785327319990126,2.0,1,1
166.6902520720816,2,2,1,3.0,1,0.6,0.643344841538789,14340.906509034554,3.020037369047171,1.0,1,0
126.02127404740365,1,1,1,9.0,1,1.0,0.8341603510025966,11384.36980692903,4.022427468835038,1.0,1,0
69.36095402662646,2,1,1,7.0,2,9.6,9.182250550561045,15701.85022288725,3.4917746136433747,1.0,1,0
65.79543332360167,2,1,1,5.0,2,10.4,7.711258809274479,28741.651412157717,4.015290583470111,1.0,1,0
63.66793680169485,1,1,1,6.0,2,1.9,1.2698172419762273,14065.844051132573,4.974209459697965,1.0,1,0
160.44534427471723,1,2,1,6.0,2,5.2,5.764962412442665,25429.02691827619,3.385538954705735,1.0,1,0
142.8756809971211,1,1,1,3.0,3,2.6,1.485208362007098,6734.1950997736685,3.632028624166125,1.0,1,0
51.21960653588147,1,1,1,12.0,4,4.0,2.3638982388129355,2993.462964036826,5.099127963782984,5.0,1,1
71.46169094181295,2,2,1,7.0,2,1.3,1.7197091858984999,26223.440318347522,3.3759157502002415,1.0,1,0
55.06281285381224,1,2,1,5.0,2,1.8,2.5468292910691837,23498.302958323802,4.302278439723298,1.0,1,0
96.6411658017189,1,2,1,39.0,3,0.2,0.10666028961085648,12510.0513174928,4.07447474792001,2.0,2,1
109.04872234554381,2,1,1,4.0,2,4.3,4.003218515585519,10482.409339980064,3.8413892767430315,1.0,1,0
66.49907192197016,1,1,1,3.0,1,2.0,1.7491989226336404,35199.025194227215,3.6571208621827624,1.0,1,0
63.62545511794533,1,2,1,24.0,5,3.1,2.247823579004237,8749.48721183327,6.086328962883879,1.0,4,1
1381.2067710583106,1,3,1,10.0,1,0.9,1.2584926963390042,4828.371903263452,4.254503923908376,1.0,1,0
62.51271195048137,1,2,1,35.0,8,0.7,0.28275269767036154,8099.78306317715,5.819115599382871,2.0,1,1
606.5770946526271,1,1,1,36.0,4,1.4,0.4010369571678864,5669.987132102682,5.887637414216113,1.0,2,1
135.31206913339543,1,3,1,6.0,7,0.4,0.2634856901237742,6172.209430223532,4.051280990497615,1.0,2,0
1722.5379876501627,1,1,1,2.0,2,18.7,11.982091557092104,7401.556815859313,4.05541805883665,1.0,1,0
123.25791876167311,1,1,1,9.0,2,6.6,7.110719018227403,24506.915126799104,3.68626727674916,1.0,1,0
647.4575094646875,1,1,1,3.0,3,1.5,2.1623361482129,29836.243694581633,3.3888939933125313,1.0,2,0
1251.251577432035,1,1,1,10.0,5,9.1,5.958354733818772,10184.753721234727,3.9059876093360137,1.0,1,0
895.6081419579067,2,2,1,32.0,3,1.6,0.8983116040197205,23585.61046142074,4.787915510966163,2.0,1,1
1487.3948238597065,1,1,0,23.0,4,1.5,0.338812674958537,5127.724397877352,5.464054463055681,1.0,8,1
59.83923683311667,1,1,1,1.0,2,5.9,6.875444091615845,2591.110190503935,3.6468528176495685,1.0,1,0
48.278773779827425,1,1,1,5.0,2,4.8,3.797304346724916,24329.94719233771,3.5821334149596473,1.0,1,0
512.5169699156256,2,2,1,8.0,4,4.5,5.45068838439627,6286.908451743614,4.28547295152788,1.0,1,0
35.41207130634262,1,3,1,26.0,5,0.2,0.2223723032406156,6851.479641125469,5.019676491958066,3.0,8,1
564.2605289985372,1,2,1,10.0,1,8.8,8.905840961065536,18171.46203922101,4.458748073844267,1.0,1,0
520.7292442615586,1,1,1,5.0,4,5.8,4.018759655537073,19049.610529159643,3.856444835644418,1.0,1,0
81.91314521621804,1,1,1,7.0,2,3.9,4.974954899152197,7800.9129713796,3.358530060893258,1.0,1,0
1512.6547023391436,1,1,1,12.0,1,7.2,11.135732274280667,13671.578963993601,3.336380317730545,1.0,2,0
1142.0375627175736,1,1,1,3.0,4,7.5,9.125977295537345,67434.32732948495,3.8902955403824255,1.0,2,0
1477.8465684715532,1,1,1,4.0,3,2.6,2.513356830504301,13071.970097806725,3.8339114339724354,1.0,1,0
76.60513179121004,1,1,1,4.0,1,23.9,31.431063743178843,22426.726984974222,3.3377070650806475,1.0,1,0
77.45364903959182,1,2,1,3.0,2,1.0,1.1281241827894593,17563.983233367257,3.4701557022140546,1.0,1,0
1248.022176881393,1,1,1,10.0,3,7.2,8.098035131597047,7443.515459007228,3.78139840643118,1.0,2,0
129.4006328955813,2,1,1,5.0,3,1.8,2.414204114052952,26191.769330452382,3.6275387288244625,1.0,1,0
511.69335908767886,2,1,1,10.0,1,5.7,6.205114440786615,14144.014330662701,3.8851412346647645,1.0,2,0
96.73049716293043,1,2,1,20.0,7,0.8,0.49137008156017004,7801.814233673179,5.7476176423184855,2.0,2,1
1256.5616950305073,1,1,1,6.0,3,5.1,3.1808489514832305,15511.346646681148,3.6399261301319354,1.0,1,0
546.1157053670546,1,1,1,9.0,2,5.7,4.967416238569961,16187.810125391068,3.4590648663815355,1.0,1,0
1392.3831522265646,1,1,1,12.0,3,5.1,4.564738164288527,18746.840437345432,3.584639056853054,1.0,1,0
136.6085933234345,1,1,1,11.0,2,15.6,10.828383353308256,17503.04852580059,3.817481895117441,1.0,1,0
1711.6980675466064,1,1,1,4.0,5,9.7,12.027849307658407,18615.769209036753,3.3125463596099136,1.0,1,0
67.03403717920033,1,3,1,23.0,3,4.2,1.2597172450486067,4070.347677600714,5.056841125801753,1.0,2,1
57.878126227709885,2,2,1,2.0,1,1.9,1.3446916837130054,13792.242985695795,4.1980607476720175,1.0,1,0
67.83959795052118,3,3,1,15.0,6,0.4,0.27816198059461034,12156.576460369435,5.482883235690258,3.0,2,1
60.712555528692405,1,1,1,14.0,1,2.7,1.6310102776030997,8511.21482666418,4.003042069581032,1.0,1,0
47.11643685577329,1,1,1,23.0,9,2.8,0.5644581970113861,16118.723417639032,5.610302063061029,2.0,1,1
38.19501261183377,1,1,1,18.0,8,0.6,0.27544929487646813,13018.7843835702,6.69630637963184,5.0,1,1
109.60784720032711,1,1,1,6.0,3,6.0,9.081127532323487,18036.898383310832,3.5434681103932326,1.0,2,0
121.9630480409442,1,1,1,3.0,3,0.3,0.3272470362554999,39127.89141451845,3.0428212587674843,1.0,1,0
1050.5622022107798,1,3,1,7.0,1,1.8,1.0134272225837053,17822.288284619015,3.911242701298378,1.0,1,0
23.486796898591994,1,2,1,39.0,5,0.9,0.26902596323699013,10132.663713511407,5.3090585925940665,2.0,1,1
102.22098853725578,1,1,1,7.0,1,1.6,2.0734855746621803,44265.65253390216,4.207574613206002,1.0,1,0
72.68314963642429,2,1,1,15.0,3,1.4,1.1086409110744042,11750.2684884559,3.937931172841298,1.0,1,0
1894.529715952866,1,1,1,4.0,2,2.1,1.4040032018373831,12175.46389476377,3.409801599415996,1.0,1,0
137.6450785665476,1,1,1,2.0,5,3.1,2.0580121961339866,11779.332455644884,3.3005619058117217,1.0,1,0
70.85106765816197,1,2,1,4.0,1,4.9,3.8758636438095855,19243.978270270876,4.402809102181242,1.0,1,0
761.8252386370983,1,1,1,43.0,3,1.8,1.3919772715179488,13620.042821225437,4.382344921631836,2.0,2,1
599.5567383225155,1,1,1,15.0,3,0.1,0.029579553607844474,7936.576852930406,4.309417205737523,1.0,1,1
35.02501899653026,1,3,1,20.0,7,0.1,0.0764698103920598,1193.5510105871676,5.862076900546717,2.0,1,1
42.40092506933685,1,2,1,27.0,6,8.3,4.304226045713355,826.853912915487,6.731440013198687,1.0,4,1
523.0745874874242,1,1,1,7.0,1,4.5,7.670557356212461,4566.8617482588725,3.6472763346304067,1.0,1,0
63.164706266458566,1,1,1,5.0,2,5.6,8.32678042877874,6120.032427362665,4.212494601586202,1.0,1,0
61.403947959979874,1,1,1,21.0,5,2.2,1.8358514611327892,9993.75640555745,6.200636057433808,1.0,4,1
1509.0219823972704,1,2,1,6.0,1,4.3,6.429872588773625,71787.6514277047,3.8722312349363457,1.0,1,0
139.7572596181552,1,1,1,3.0,1,1.4,1.363067382358115,10630.06387734105,3.22385976249984,1.0,1,0
108.82653223882255,1,2,1,11.0,1,1.0,1.5038493929743413,755.2396269308326,4.359651836069848,1.0,1,0
546.9705551550189,1,2,1,2.0,1,2.4,1.551066068425859,17596.365931795335,3.619957840586511,1.0,1,0
57.96719741605959,1,3,1,12.0,4,0.7,1.1810731890690342,17022.567697227358,4.511520473707117,1.0,1,0
1494.7049822844178,1,1,1,9.0,1,13.1,20.498388123451477,34143.50489086399,4.037865409501164,1.0,2,0
1274.566060675181,1,1,1,2.0,1,5.3,4.289304780636644,8141.5144674316725,3.7926681720172533,1.0,1,0
54.37646297265862,1,3,1,24.0,3,2.7,0.9912156896952682,33845.226783192295,3.6288583650409754,1.0,1,1
82.96392790343972,1,2,1,2.0,2,0.1,0.1468443354709663,17173.37017639001,3.913592625235424,1.0,1,0
125.18222362722811,1,1,1,9.0,1,2.6,4.337286360894162,29232.077456237937,4.392378206555304,1.0,1,0
11.353146636273234,2,1,1,29.0,4,1.2,0.36184634260482496,6880.341885204866,5.80424516555885,5.0,2,1
69.7739746556362,1,1,1,21.0,5,3.2,1.3526500329598445,9544.86368299529,4.7952885406374275,2.0,2,1
625.5060455558772,1,1,1,4.0,3,6.0,7.309210808058718,9376.676398494392,3.140552289312506,1.0,1,0
1355.605709322058,1,1,1,6.0,2,2.3,2.2772842777971922,9830.61899682724,4.223048058194884,1.0,1,0
668.5563656799117,1,2,1,21.0,9,0.0,0.013629905770043523,17650.49754618496,6.887837219524357,1.0,4,1
521.2088925131329,1,1,1,6.0,1,1.5,1.7733278419040523,15167.848899161638,4.229118581336367,1.0,2,0
116.51448244115213,1,1,1,2.0,2,0.2,0.17239472184370525,22115.357059961556,4.157848102081331,1.0,2,0
1391.1909536452135,2,1,1,6.0,1,13.4,10.48291443054618,7031.526091462673,4.7233446371137,1.0,1,0
622.9950500318978,2,1,1,2.0,5,21.3,16.507883112154296,16133.726061347177,3.5850350156878914,1.0,1,0
71.90482749687679,1,1,1,6.0,4,10.1,10.326406610782877,8671.1843388708,4.159177379715531,1.0,1,0
59.83289077839781,1,1,1,26.0,4,2.8,0.8776452557165986,866.9559721744594,6.498511626958175,2.0,1,1
360.01973494243595,1,1,1,6.0,1,4.4,4.563164807923795,17758.00674912525,3.732677120427532,1.0,1,0
100.3683684706955,1,3,1,16.0,5,0.8,0.1632496037138415,4216.023837869135,6.485373239996362,1.0,4,1
1696.4842711569718,2,1,1,10.0,3,2.5,3.0252189856641882,16382.19592798261,3.9539337345796475,1.0,2,0
74.13548322211274,1,2,1,13.0,5,0.5,0.3660234652580711,9842.845010469262,5.661920534368881,1.0,4,1
63.52403562933789,1,1,1,3.0,1,0.4,0.5726224475869184,7408.5630343396615,3.121751617994905,1.0,1,0
111.65917004215108,1,1,1,4.0,1,14.5,10.026123923053637,11381.513905483835,3.9943440239939587,1.0,1,0
130.09232317281354,1,1,1,7.0,3,3.6,2.7212137394522156,9963.542964077504,3.7791265977068367,1.0,1,0
177.19212217197204,1,1,1,3.0,2,0.6,0.42734273605864803,37967.00024279556,4.527660600538869,1.0,1,0
74.50251808986341,2,1,0,5.0,2,1.0,0.8305309405960394,17864.349657880866,4.30662041103519,1.0,1,0
62.247813456078056,1,3,1,6.0,3,5.4,5.915342361404501,36431.953759303295,4.166674867622816,1.0,2,0
522.3083029727202,2,1,1,2.0,2,0.6,0.8213887790751805,6668.080554429025,3.4103356834725096,1.0,1,0
65.2592640038488,1,1,1,6.0,1,5.5,8.542266122661063,9171.681790793516,2.846952495471277,1.0,1,0
1303.1029605336287,1,1,1,3.0,1,17.8,13.331950087448215,26955.57955285215,3.5579816620914135,1.0,1,0
120.81933009004831,1,1,1,9.0,3,7.3,3.8508887505204656,20592.629703285373,4.268754641945707,1.0,1,0
75.92664035534659,1,1,1,6.0,2,5.0,3.7640376378703384,13386.961791217824,4.012847915045121,1.0,1,0
64.02139405105552,1,3,1,38.0,2,3.2,0.7624989408054884,5777.314825160297,5.386967167896714,3.0,2,1
83.64936400408034,1,1,1,2.0,1,4.7,3.2800059989352417,23163.9937344228,3.5326305714088155,1.0,1,0
59.67023140928193,1,2,1,35.0,1,0.9,0.5771465953295418,5583.634193385464,5.317549750213608,3.0,8,1
68.94558461484412,1,1,1,1.0,3,16.2,23.801472238929982,15331.898295205969,3.636510262784068,1.0,1,0
395.5803138261928,1,1,1,7.0,1,4.8,6.856409919917826,9606.080098817429,3.6619624557440145,1.0,1,0
68.6130774959109,1,2,1,17.0,6,0.8,0.3837689632922364,3337.58381262666,4.254858374315962,3.0,4,1
1450.8534180368351,1,2,1,26.0,7,0.8,0.4929792716587069,9002.315869791135,4.285829994163022,2.0,4,1
539.2176533941658,1,1,1,5.0,1,1.7,2.1101040448402686,21981.351576144578,4.557338545536644,1.0,1,0
1692.4894598100664,1,1,1,3.0,3,1.5,0.9163041019804289,6357.141017357489,4.0126085508409135,1.0,1,0
160.3341458708732,1,2,1,4.0,1,2.1,2.5683110869875216,17752.699282407175,3.228407677972575,1.0,1,0
61.345303251727515,1,1,0,2.0,1,0.1,0.1312934753664965,17485.095826901208,3.963200684815447,1.0,1,0
927.6515656360573,1,2,1,17.0,5,6.8,1.3677627696529135,3953.6327331390708,4.818443416732192,1.0,2,1
111.0182356747277,1,3,0,19.0,6,5.6,2.760634642438766,5539.791757113072,5.7230738575181,2.0,4,1
102.6568666565895,1,3,0,6.0,2,3.8,5.920945770462663,14367.143690046638,3.407054083099796,1.0,1,0
123.34339922781699,2,1,1,4.0,1,44.6,53.031288743676214,8809.895577326492,3.6645895137154887,1.0,1,0
1675.5691068723945,1,1,1,5.0,4,1.3,1.3713929491512045,13326.659086253507,3.487918387860322,1.0,1,0
160.02297699399213,1,1,1,4.0,3,14.9,14.744217466494254,13307.184223833707,3.82488757869871,1.0,1,0
668.4767918930578,1,1,1,14.0,5,0.1,0.022793207074001978,3792.1400467885073,6.0139133456318286,1.0,2,1
126.46116927384489,1,1,1,3.0,2,1.9,1.6231292616743849,10862.741747232276,3.585599544913822,1.0,1,0
1600.676681159045,1,1,1,33.0,5,5.6,2.5592910837604954,3066.068089787351,4.711951976847081,1.0,1,1
51.42010967655148,2,3,1,29.0,8,0.8,0.46232470314218876,9367.785852817018,6.125805275742175,1.0,4,1
53.82003014793695,2,1,1,17.0,4,0.7,0.4218992139610358,8801.962730416084,5.126276084761745,5.0,4,1
653.9358817500043,1,2,1,13.0,3,1.6,3.5479442038288136,12978.61713532506,4.360188481694813,1.0,2,0
46.82872645241527,2,2,1,2.0,1,1.4,1.4011986329838462,16616.8783853968,3.02198631457037,1.0,1,0
1598.6776140633067,1,3,0,36.0,4,5.0,2.7948136691648084,5348.48185746839,5.205827833843336,2.0,2,1
143.21381802221177,1,1,1,8.0,1,0.7,0.9028979518107226,67766.54506689619,3.7975714479589353,1.0,1,0
1234.54905592479,1,1,1,4.0,1,4.7,4.75095741082667,40328.49646295195,3.905568283472208,1.0,1,0
565.7849638375201,1,1,1,3.0,3,0.6,0.7890112736075129,23944.508245449015,3.599206741077173,1.0,1,0
81.49154217788116,2,2,1,25.0,6,1.5,0.5116482481467591,615.1937542632953,6.254056670687502,3.0,8,1
40.74615729262217,1,3,0,5.0,3,5.2,5.076278623001925,10581.41163948347,4.433790319585996,1.0,1,0
1622.2281551111087,1,1,1,6.0,2,6.0,3.9814080393050006,8127.6950727267,3.6608618161513258,1.0,1,0
74.83907285637356,1,2,1,3.0,5,4.3,6.035574777765589,11522.830216353968,3.893499508739198,1.0,1,0
45.737803190358285,2,1,0,26.0,4,4.8,0.47709913992072794,6605.391487461293,6.186596184526975,1.0,8,1
1572.8025247025937,1,1,1,5.0,1,3.5,6.184803715705455,7243.349900997803,2.6807749030047265,1.0,1,0
58.00447279909442,1,1,1,2.0,2,12.7,9.262106896495844,8767.680924082475,4.1238541617333695,1.0,1,0
48.04463394284476,2,1,1,6.0,2,16.3,12.921306736738142,13053.23585573238,3.972329911336985,1.0,2,0
1747.086767999386,1,2,1,7.0,1,3.0,4.037339131067091,19560.681207592555,3.3682374663728396,1.0,1,0
55.2036674427365,2,3,1,29.0,2,0.9,0.398211030707055,1883.5409978220898,4.9858465892936845,5.0,1,1
723.0646440716267,2,1,1,24.0,10,1.6,0.2507297746982748,7913.064928359479,5.657347546249543,5.0,1,1
84.06126843723986,1,1,1,3.0,1,1.4,1.326650350599697,29110.841947541096,3.666404684192369,1.0,1,0
1252.090197482063,1,1,1,8.0,3,2.3,2.015578634010624,15024.045675780935,3.4529808393067967,1.0,1,0
114.69937497471034,1,1,1,5.0,2,2.6,3.8290351100492614,9664.853494232495,3.900029818490782,1.0,1,0
71.96876785087439,1,2,1,27.0,6,1.4,0.6762993151012691,1972.8903734262956,5.11984870538177,2.0,2,1
96.57298574353922,1,2,1,19.0,5,1.1,0.669462428954453,13885.366702166739,5.78090701566727,3.0,4,1
78.95342527629606,1,1,1,7.0,1,5.5,6.374642024783806,20951.638052197195,2.8250508794913296,1.0,1,0
61.87797187786692,1,2,1,29.0,4,0.2,0.09299858135729244,11277.723533630287,6.995360102718801,1.0,4,1
750.0368036084275,2,3,1,2.0,3,2.0,2.8339953857436035,39535.54981841457,3.9809156569293522,1.0,1,0
542.1655088667719,1,2,1,7.0,1,0.6,0.5348719145728088,11502.288074281085,2.8730313995040753,1.0,1,0
164.54945783636472,1,1,1,7.0,1,11.9,7.552911580707487,17161.23799796073,3.970896027287395,1.0,1,0
424.4879871113931,1,1,1,7.0,8,3.3,4.1693963897330635,39092.850434179825,4.499583656072376,1.0,1,0
116.45954300817122,2,1,1,3.0,1,3.7,3.200400643322018,19964.274705533502,3.7711510067349576,1.0,1,0
136.41270637557204,1,1,1,4.0,3,0.7,0.5545670717437311,19505.778637624837,3.7528862241519527,1.0,1,0
104.40106356544963,1,1,1,3.0,4,2.4,2.8889867721797096,14789.722919684526,3.460954262914508,1.0,1,0
65.55527705925873,2,1,1,3.0,1,0.9,0.7311944031845183,11445.309197941562,4.374649917870062,1.0,1,0
1432.693235770081,1,1,1,4.0,2,10.5,8.821259346964263,28177.530807921405,3.459618374793655,1.0,1,0
69.05151115314608,2,2,1,4.0,2,1.8,2.4342075313047236,11076.757256578127,3.901473736132421,1.0,1,0
26.313038584474167,1,2,1,27.0,1,3.3,1.1010929729285805,8130.710343376207,5.436215107575421,1.0,1,1
30.01238770984347,1,1,1,32.0,6,1.3,0.6096859699330665,9479.758709306489,6.203298644966373,1.0,4,1
1674.8084284523723,1,1,1,4.0,2,0.5,0.36806314876346774,26922.326528261823,4.390786558546874,1.0,1,0
100.28880048842177,3,2,1,20.0,5,1.3,1.347601639564391,4929.350186813005,5.114713390251819,1.0,4,1
81.86993022893814,1,2,1,5.0,2,10.1,11.193667372603665,22527.96534768485,3.5252741432596224,1.0,1,0
432.83760672278515,1,1,1,8.0,3,3.2,2.3773920083106876,15198.330756820113,4.694589514569625,1.0,1,0
112.05939812438942,1,1,1,12.0,2,2.7,2.634558898067789,26376.21441407517,3.9879397709308573,1.0,1,0
53.75150145424559,1,3,1,12.0,7,3.2,1.039930025866938,3021.190286334972,5.0436085355750215,2.0,1,1
55.75162654350672,1,1,1,8.0,3,4.0,4.061852948395069,16998.965851444937,3.2237283984762026,1.0,1,0
1241.666879304771,2,1,1,4.0,1,5.5,7.665973425592936,13454.449396418237,3.98373501812295,1.0,1,0
48.035419482039096,1,2,1,14.0,5,1.0,0.614369380950433,6552.043127395123,4.991598401370554,1.0,2,1
1223.4815108526223,1,2,1,31.0,2,2.5,0.21201910276808916,19343.824065493056,6.572660726598482,3.0,1,1
23.91345532855693,2,1,1,25.0,7,6.3,4.4013437502631145,7939.465777129054,5.105737610607683,1.0,8,1
569.769604808469,1,2,1,3.0,3,0.4,0.39700061401918896,37664.96046649408,3.4427575708691935,1.0,1,0
73.92562703971798,1,1,1,4.0,3,19.4,26.628098132947766,16304.795694699347,3.5929599425748195,1.0,1,0
100.95678529826539,2,1,1,4.0,3,0.1,0.09467032636645462,39916.42694401287,3.631589172257254,1.0,1,0
66.98653993804894,1,3,1,17.0,4,0.5,0.1054273482496825,2537.5190816456743,5.107691070958684,5.0,1,1
51.38744016882098,1,2,1,8.0,2,9.9,15.056069156465517,5173.364931180349,4.245427455122136,1.0,1,0
71.60223246824917,1,1,1,2.0,1,7.2,11.156824404733442,27012.825008887536,3.728250940877614,1.0,1,0
1539.1482696653732,1,1,1,3.0,3,8.6,8.171690482482587,24516.363057579314,2.8441008158671113,1.0,1,0
532.3655786575503,1,1,1,8.0,1,2.1,2.19207445657794,4377.242481193596,3.665029676516125,1.0,1,0
62.809480890510585,1,1,1,20.0,5,0.9,0.13028544695496327,11928.557641075104,6.479637678219751,3.0,2,1
100.54115068402895,1,2,1,32.0,8,0.1,0.058037420435729,12376.624370541864,4.780254834618145,1.0,2,1
95.65124819566157,1,1,1,13.0,6,0.1,0.05519469480318066,13865.291642857283,4.569208822907133,2.0,2,1
1279.386495030998,1,1,1,7.0,1,2.4,1.5400734162832677,13565.88779318684,3.319428393113415,1.0,1,0
86.17046197834995,2,3,1,20.0,7,0.9,0.31120426817541236,21377.254509108476,4.112974018973853,5.0,1,1
26.081836534571462,2,1,1,21.0,5,2.9,1.1257827500032795,9876.855678678432,5.573386409035412,1.0,2,1
136.67040268874146,1,1,1,5.0,1,2.4,3.603390955461096,11498.991097214242,3.679407377295242,1.0,1,0
770.4003423043445,2,1,1,35.0,1,0.5,0.33473395078374296,1996.44270962262,5.158765972518925,1.0,1,1
1250.4132386590381,1,2,0,11.0,1,0.8,0.8424935561311575,5596.453973268524,2.954223539319309,1.0,1,0
111.0697601459629,1,1,1,6.0,1,2.1,2.6818365676980958,12156.304109445677,3.6883661471350595,1.0,1,0
478.4830623553633,1,1,1,3.0,1,10.5,13.505105154359807,30584.72594534148,4.1761536074703125,1.0,1,0
1095.0145689810902,1,1,1,4.0,3,18.4,10.892968026114238,6459.03342023443,3.6840289909327564,1.0,1,0
75.19133839723243,1,1,1,35.0,5,1.2,0.69849926512499,3975.307202846897,5.521945454575691,1.0,1,1
797.0457461933718,1,1,1,20.0,4,7.7,1.3246856844673,5903.85498890196,5.949593238147454,2.0,1,1
112.70716520410937,1,1,1,1.0,2,6.3,4.538816976089737,21632.702171476718,4.028062048601133,1.0,1,0
59.336425230539476,1,1,0,17.0,5,1.4,0.9029142765845244,8420.739316545918,5.717448359211767,5.0,2,1
1634.9645586153376,1,1,1,3.0,2,8.0,10.271929763260198,13731.374051664572,3.031911811289024,1.0,1,0
39.902668240396395,1,1,1,9.0,1,8.4,15.215320880248951,3795.2479353967997,3.1222005000780206,1.0,1,0
126.49614228128445,1,1,1,6.0,4,2.8,4.138927859812485,15492.641239844845,3.8850575169443577,1.0,1,0
131.45060806083703,1,2,1,13.0,1,7.0,4.435387060660454,7663.199952263796,3.7632492346828585,1.0,2,0
38.461573123469606,1,2,1,19.0,4,3.6,0.7205130757409709,4588.424810668248,5.229700201246133,2.0,4,1
65.36783297692828,1,1,1,27.0,3,0.3,0.06797963235034625,1948.835545501063,5.5874807304974325,2.0,2,1
1480.713855840935,1,1,1,13.0,2,12.8,14.258718524929304,26172.773582018744,3.7853417431076464,1.0,1,0
57.288752594318716,2,1,1,9.0,1,3.4,3.632247911194961,18768.942568709455,3.407669580365633,1.0,1,0
683.6366078042705,1,1,1,13.0,8,0.9,0.543996834662538,13847.701469976619,5.477626545834982,3.0,1,1
675.3397664641546,1,1,1,2.0,1,6.7,7.1919176187134095,8154.936869214129,4.352055707873032,1.0,1,0
144.74402564249118,1,1,1,5.0,3,12.3,13.458941931916975,6540.159138167977,3.780994136080336,1.0,1,0
1506.661405536442,1,1,1,28.0,2,2.1,1.0615969482626288,8499.864788772502,6.8914036334014535,1.0,1,1
129.34322654715706,1,1,1,12.0,2,10.3,9.556661008038915,28420.72474873753,3.8386299900594256,1.0,1,0
631.2842128107998,1,1,1,6.0,1,3.0,3.0586268085613044,15086.20943629852,3.984025777124305,1.0,1,0
1335.2734417903953,2,1,1,7.0,1,4.7,2.719049568574901,22529.46886980492,3.8878274999513183,1.0,1,0
554.6670802322305,1,3,1,3.0,2,1.7,1.6517382466114225,6761.862300550235,3.871738760527078,1.0,1,0
617.1337345519042,1,1,1,8.0,2,1.7,1.3196483976053723,12737.532936543415,4.467098090201478,1.0,1,0
53.915501194905396,1,1,1,25.0,6,1.0,0.6378860025544458,4856.071543202271,6.746928379292975,1.0,2,1
949.036128168793,1,2,1,4.0,1,7.7,7.45506345795682,6878.520182535975,3.6741498599322635,1.0,1,0
24.643549805244966,2,1,1,12.0,4,0.2,0.1531775770988818,10011.663175332531,6.308314946760751,2.0,2,1
82.19149167143247,1,1,1,7.0,3,0.8,0.4970311789495401,9252.869213455984,3.1855219720728414,1.0,1,0
1471.4433393264057,1,1,1,3.0,3,0.8,1.0978397586507458,18791.244017082885,3.4909518745426427,1.0,1,0
56.26713864684253,1,3,1,14.0,6,0.7,0.2928438579902701,9498.298815704693,7.074715908690829,1.0,4,1
1288.3081262707276,1,1,1,10.0,2,17.7,13.341089070815997,4184.909730767043,3.501470849837997,1.0,1,0
138.72960549162178,1,1,1,3.0,2,7.3,7.860165413185881,11220.493967601278,4.225025764156849,1.0,1,0
45.69293120012223,1,2,1,18.0,4,2.6,0.7729292318804365,17115.163014831724,5.297015635266267,1.0,4,1
1347.9225612386651,1,1,1,4.0,5,0.2,0.26106399350030063,19260.73941833029,4.072732114799999,1.0,1,0
55.543272048923804,1,2,1,5.0,3,19.4,12.018434026401309,12373.189065755168,3.1382347222012585,1.0,1,0
1324.7884309365347,1,2,1,5.0,3,3.8,2.8363708016130555,6279.264736922291,3.9842884219417347,1.0,1,0
1562.982096481401,1,3,1,9.0,3,5.9,6.923999570693209,26528.905635229687,3.897649088523784,1.0,1,0
122.41594995209759,1,2,1,6.0,1,0.5,0.505315975626807,50153.820272643214,3.563056973496376,1.0,2,0
449.4888462729606,1,1,1,11.0,1,0.4,0.3686767845926991,25726.108616097677,3.930310538582538,1.0,1,0
57.1600820749209,2,2,1,19.0,5,1.6,1.0086465599207224,4355.356371611677,5.986851198866715,2.0,1,1
531.1568138437451,1,1,1,9.0,1,12.6,12.27798717386143,28923.006312428337,3.5218154777633863,1.0,1,0
125.92363039448175,1,2,1,8.0,1,2.5,1.8941370775743842,40184.64680187888,3.923391808209099,1.0,1,0
1785.9394476662446,1,1,1,15.0,3,9.8,13.11754758708869,5795.175123140441,3.809950247834598,1.0,1,0
33.01046691801297,1,1,1,15.0,5,1.2,0.659852016401101,1878.2693586912133,5.6038353992024375,1.0,1,1
1869.8147368024372,2,1,0,4.0,2,10.9,15.615673673378078,21298.741284947453,3.5557931849509483,1.0,1,0
489.9258299469674,2,1,1,5.0,2,3.5,5.106112897834144,23006.318850214884,4.056972120750386,1.0,1,0
63.646665335374124,1,2,1,27.0,9,0.6,0.2809020530846302,22635.620734112563,5.744356599125636,2.0,2,1
934.8759868237028,1,1,1,38.0,7,2.7,1.4751842294189794,4158.029182664111,5.1317570755100625,1.0,2,1
75.12416612292529,1,1,1,2.0,3,3.3,2.769215134741782,30899.56265204224,4.3661667275838525,1.0,1,0
37.02344051629788,1,2,1,26.0,5,4.6,3.0198445856806013,11503.938484047481,5.788681169381752,2.0,1,1
28.73580762073804,1,1,1,21.0,7,4.5,3.441585831162626,4180.866142076709,5.213900580745146,1.0,2,1
